State_Name,Crop_Year,Area,Yield,Temperature,Precipitaion,Humidity,Soil_type:_datDaVoi,Soil_type:_datSet,Soil_type:_datSetKho,Soil_type:_datCat,Soil_type:_datPhuSa,District:_BACTRAMY,District:_DUYXUYEN,District:_DAILOC,District:_DONGGIANG,District:_DIENBAN,District:_DIENBAN1,District:_HIEPDUC,District:_NAMGIANG,District:_NAMTRAMY,District:_PHUNINH,District:_NUITHANH,District:_PHUOCSON,District:_QUESON,District:_TAYGIANG,District:_TIENPHUOC,District:_THANGBINH,District:_HOIAN,District:_TAMKI,Crop:_Bap,Crop:_Lua,Crop:_Dau,Season:_DongXuan,Season:_HaThu
QUANGNAM,1997,1540.5,21,24.243,282.072,84,0,1,0,0,0,1,0,0,0,0,0,0,0,0,0,0,0,0,0,0,0,0,0,0,1,0,0,1
QUANGNAM,1997,3520,59.1,23.1122,240.813,54,0,0,0,1,0,0,1,0,0,0,0,0,0,0,0,0,0,0,0,0,0,0,0,0,1,0,0,1
QUANGNAM,1997,4300,70.3,23.654,230.435,44,0,0,1,0,0,0,0,1,0,0,0,0,0,0,0,0,0,0,0,0,0,0,0,0,1,0,0,1
QUANGNAM,1997,5700,72,24.613,202.2,55,0,0,1,0,0,0,0,0,0,1,0,0,0,0,0,0,0,0,0,0,0,0,0,0,1,0,0,1
QUANGNAM,1997,1324,60,24.5384,174.092,32,0,1,0,0,0,0,0,0,0,0,1,0,0,0,0,0,0,0,0,0,0,0,0,0,1,0,0,1
QUANGNAM,1997,845,21,24.0046,165.782,43,0,0,1,0,0,0,0,0,0,0,0,1,0,0,0,0,0,0,0,0,0,0,0,0,1,0,0,1
QUANGNAM,1997,1509.69,20.58,23.8741,140.613,38,0,0,1,0,0,0,0,0,0,0,0,0,0,1,0,0,0,0,0,0,0,0,0,0,1,0,0,1
QUANGNAM,1997,3496,62,22.3124,131.007,38,0,0,0,1,0,0,0,0,0,0,0,0,0,0,1,0,0,0,0,0,0,0,0,0,1,0,0,1
QUANGNAM,1997,6623,56.1,24.7984,88.113,35,0,0,1,0,0,0,0,0,0,0,0,0,0,0,0,0,0,1,0,0,0,0,0,0,1,0,0,1
QUANGNAM,1997,15500,56,24.692,49.673,74,0,1,0,0,0,0,0,0,0,0,0,0,0,0,0,0,0,0,0,0,1,0,0,0,1,0,0,1
QUANGNAM,1997,367.6,62,25.248,44.144,65,0,0,1,0,0,0,0,0,0,0,0,0,0,0,0,0,0,0,0,0,0,1,0,0,1,0,0,1
QUANGNAM,1997,305.5,55,24.82652,42.7612,40,0,0,1,0,0,0,0,0,0,0,0,0,0,0,0,0,0,0,0,0,0,0,1,0,1,0,0,1
QUANGNAM,1997,6623,53.295,26.11,42.1888,60,0,1,0,0,0,1,0,0,0,0,0,0,0,0,0,0,0,0,0,0,0,0,0,1,0,0,1,0
QUANGNAM,1997,874,26.26,27.66,39.3296,64,0,0,1,0,0,0,1,0,0,0,0,0,0,0,0,0,0,0,0,0,0,0,0,1,0,0,1,0
QUANGNAM,1997,2581,29.7,28.26,37.8902,53,0,0,1,0,0,0,0,1,0,0,0,0,0,0,0,0,0,0,0,0,0,0,0,1,0,0,1,0
QUANGNAM,1997,14725,56.56,26.76,35.4694,68,0,0,1,0,0,0,0,0,1,0,0,0,0,0,0,0,0,0,0,0,0,0,0,1,0,0,1,0
QUANGNAM,1997,327.164,61.38,26.86,33.2642,75,0,0,1,0,0,0,0,0,0,1,0,0,0,0,0,0,0,0,0,0,0,0,0,1,0,0,1,0
QUANGNAM,1997,1140.5,33,26.709,29.7192,74,1,0,0,0,0,0,0,0,0,0,0,0,0,1,0,0,0,0,0,0,0,0,0,1,0,0,1,0
QUANGNAM,1997,842.8,24.99640744,27.07,27.5822,76,0,1,0,0,0,0,0,0,0,0,0,0,0,0,0,0,0,1,0,0,0,0,0,1,0,0,1,0
QUANGNAM,1997,5462,72,26.584,26.6764,60,0,0,1,0,0,0,0,0,0,0,0,0,0,0,0,0,0,0,1,0,0,0,0,1,0,0,1,0
QUANGNAM,1997,920.1194402,41.6972556,24.977,24.5686,91,0,0,1,0,0,0,0,0,0,0,0,0,0,0,0,0,0,0,0,1,0,0,0,1,0,0,1,0
QUANGNAM,1997,845,21,26.562,24.4528,69,0,0,1,0,0,0,0,0,0,0,0,0,0,0,0,0,0,0,0,0,1,0,0,1,0,0,1,0
QUANGNAM,1997,1243.55,21.56,29.11,23.4222,88,0,0,1,0,0,0,0,0,0,0,0,0,0,0,0,0,0,0,0,0,0,1,0,1,0,0,1,0
QUANGNAM,1997,1123.5,30.38,28.517,23.209,42,0,0,1,0,0,0,0,0,0,0,0,0,0,0,0,0,0,0,0,0,0,0,1,1,0,0,1,0
QUANGNAM,1997,2645,65.2,23.343,20.712,84,0,1,0,0,0,1,0,0,0,0,0,0,0,0,0,0,0,0,0,0,0,0,0,0,0,1,0,0
QUANGNAM,1997,5462,72,23.132,16.2508,34,0,0,1,0,0,0,0,1,0,0,0,0,0,0,0,0,0,0,0,0,0,0,0,0,0,1,0,0
QUANGNAM,1997,968.5467792,43.891848,23.416,15.013,31,0,0,1,0,0,0,0,0,1,0,0,0,0,0,0,0,0,0,0,0,0,0,0,0,0,1,0,0
QUANGNAM,1997,846.8,29,24.50667,14.0634,31,0,1,0,0,0,0,0,0,0,1,0,0,0,0,0,0,0,0,0,0,0,0,0,0,0,1,0,0
QUANGNAM,1997,1340.5,34.3,22.93,11.4134,60,0,0,1,0,0,0,0,0,0,0,1,0,0,0,0,0,0,0,0,0,0,0,0,0,0,1,0,0
QUANGNAM,1997,845,21,23.774,9.278,54,0,0,0,1,0,0,0,0,0,0,0,0,1,0,0,0,0,0,0,0,0,0,0,0,0,1,0,0
QUANGNAM,1997,920,20.28,24.3958,8.1814,39,0,0,0,1,0,0,0,0,0,0,0,0,0,0,1,0,0,0,0,0,0,0,0,0,0,1,0,0
QUANGNAM,1997,1130.5,22,24.5968,4.0668,35,0,1,0,0,0,0,0,0,0,0,0,0,0,0,0,0,0,0,0,1,0,0,0,0,0,1,0,0
QUANGNAM,1997,3618,61.4,24.855,1.976,42,0,1,0,0,0,0,0,0,0,0,0,0,0,0,0,0,0,0,0,0,1,0,0,0,0,1,0,0
QUANGNAM,1998,1130.5,22,23.1,280.594,70,0,0,0,1,0,1,0,0,0,0,0,0,0,0,0,0,0,0,0,0,0,0,0,0,1,0,0,1
QUANGNAM,1998,4200,71.4,23.842,230.293,44,0,0,1,0,0,0,0,1,0,0,0,0,0,0,0,0,0,0,0,0,0,0,0,0,1,0,0,1
QUANGNAM,1998,832.4,33.4866,24.123,228.754,39,0,0,1,0,0,0,0,0,1,0,0,0,0,0,0,0,0,0,0,0,0,0,0,0,1,0,0,1
QUANGNAM,1998,5602,70.56,23.6854,200.043,22,0,1,0,0,0,0,0,0,0,1,0,0,0,0,0,0,0,0,0,0,0,0,0,0,1,0,0,1
QUANGNAM,1998,1297.52,58.8,24.126,173.945,39,0,1,0,0,0,0,0,0,0,0,1,0,0,0,0,0,0,0,0,0,0,0,0,0,1,0,0,1
QUANGNAM,1998,832.4,22,24.00124,165.617,23,0,1,0,0,0,0,0,0,0,0,0,1,0,0,0,0,0,0,0,0,0,0,0,0,1,0,0,1
QUANGNAM,1998,1243.55,21.56,24.234,154.723,79,0,1,0,0,0,0,0,0,0,0,0,0,1,0,0,0,0,0,0,0,0,0,0,0,1,0,0,1
QUANGNAM,1998,1243.55,21.56,24.124,140.222,44,0,0,1,0,0,0,0,0,0,0,0,0,0,1,0,0,0,0,0,0,0,0,0,0,1,0,0,1
QUANGNAM,1998,3251.28,60.76,22.514,130.581,44,0,0,0,1,0,0,0,0,0,0,0,0,0,0,1,0,0,0,0,0,0,0,0,0,1,0,0,1
QUANGNAM,1998,6159.39,54.978,25.11,83.885,40,0,1,0,0,0,0,0,0,0,0,0,0,0,0,0,0,0,1,0,0,0,0,0,0,1,0,0,1
QUANGNAM,1998,855.6,25.48,23.7566,67.513,45,0,1,0,0,0,0,0,0,0,0,0,0,0,0,0,0,0,0,1,0,0,0,0,0,1,0,0,1
QUANGNAM,1998,2697,29.4,24.437,54.11,58,0,1,0,0,0,0,0,0,0,0,0,0,0,0,0,0,0,0,0,1,0,0,0,0,1,0,0,1
QUANGNAM,1998,14415,54.88,24.325,49.3448,65,0,0,1,0,0,0,0,0,0,0,0,0,0,0,0,0,0,0,0,0,1,0,0,0,1,0,0,1
QUANGNAM,1998,6291.85,56.661,26.01,42.1888,54,0,0,0,1,0,1,0,0,0,0,0,0,0,0,0,0,0,0,0,0,0,0,0,1,0,0,1,0
QUANGNAM,1998,2842,25.5,27.94,37.8902,59,0,1,0,0,0,0,0,1,0,0,0,0,0,0,0,0,0,0,0,0,0,0,0,1,0,0,1,0
QUANGNAM,1998,13795,55.44,26.61,35.4694,57,0,0,1,0,0,0,0,0,1,0,0,0,0,0,0,0,0,0,0,0,0,0,0,1,0,0,1,0
QUANGNAM,1998,360.248,52.7,27.1,33.0362,55,0,0,1,0,0,0,0,0,0,1,0,0,0,0,0,0,0,0,0,0,0,0,0,1,0,0,1,0
QUANGNAM,1998,290.225,48.95,26.86,31.1298,47,0,1,0,0,0,0,0,0,0,0,0,1,0,0,0,0,0,0,0,0,0,0,0,1,0,0,1,0
QUANGNAM,1998,800,24.99640744,26.565,27.5822,50,0,1,0,0,0,0,0,0,0,0,0,0,0,0,0,0,0,1,0,0,0,0,0,1,0,0,1,0
QUANGNAM,1998,5672,68.4,27.121,26.6764,69,0,0,1,0,0,0,0,0,0,0,0,0,0,0,0,0,0,0,1,0,0,0,0,1,0,0,1,0
QUANGNAM,1998,754.497941,34.19174959,25.558,24.5686,93,0,0,1,0,0,0,0,0,0,0,0,0,0,0,0,0,0,0,0,1,0,0,0,1,0,0,1,0
QUANGNAM,1998,832.4,22,27.165,24.4528,62,0,0,0,1,0,0,0,0,0,0,0,0,0,0,0,0,0,0,0,0,1,0,0,1,0,0,1,0
QUANGNAM,1998,1008.696,18.62,30.07,23.4206,81,0,0,1,0,0,0,0,0,0,0,0,0,0,0,0,0,0,0,0,0,0,1,0,1,0,0,1,0
QUANGNAM,1998,1256.375,32.34,27.135,22.9778,56,0,1,0,0,0,0,0,0,0,0,0,0,0,0,0,0,0,0,0,0,0,0,1,1,0,0,1,0
QUANGNAM,1998,3547,70.3,23.1044,20.712,70,0,0,0,1,0,1,0,0,0,0,0,0,0,0,0,0,0,0,0,0,0,0,0,0,0,1,0,0
QUANGNAM,1998,920.1194402,41.6972556,23.348,15.013,20,0,1,0,0,0,0,0,0,1,0,0,0,0,0,0,0,0,0,0,0,0,0,0,0,0,1,0,0
QUANGNAM,1998,823.5,35,24.3985,14.0634,27,0,1,0,0,0,0,0,0,0,1,0,0,0,0,0,0,0,0,0,0,0,0,0,0,0,1,0,0
QUANGNAM,1998,1509.69,20.58,23.1286,11.4134,34,0,1,0,0,0,0,0,0,0,0,1,0,0,0,0,0,0,0,0,0,0,0,0,0,0,1,0,0
QUANGNAM,1998,3496,62,23.3912,9.8316,84,0,1,0,0,0,0,0,0,0,0,0,1,0,0,0,0,0,0,0,0,0,0,0,0,0,1,0,0
QUANGNAM,1998,19200,22,23.8826,9.2558,34,0,0,0,1,0,0,0,0,0,0,0,0,1,0,0,0,0,0,0,0,0,0,0,0,0,1,0,0
QUANGNAM,1998,1293.2,19,24.1324,3.9672,27,0,0,1,0,0,0,0,0,0,0,0,0,0,0,0,0,0,0,0,1,0,0,0,0,0,1,0,0
QUANGNAM,1998,3627,54.6,24.7532,1.976,38,0,0,1,0,0,0,0,0,0,0,0,0,0,0,0,0,0,0,0,0,1,0,0,0,0,1,0,0
QUANGNAM,1999,1293.2,19,22.8118,274.215,35,0,0,0,1,0,1,0,0,0,0,0,0,0,0,0,0,0,0,0,0,0,0,0,0,1,0,0,1
QUANGNAM,1999,4123,65.7,23.132,229.302,34,0,0,1,0,0,0,0,1,0,0,0,0,0,0,0,0,0,0,0,0,0,0,0,0,1,0,0,1
QUANGNAM,1999,832.4,36.83526,23.416,226.095,31,0,0,1,0,0,0,0,0,1,0,0,0,0,0,0,0,0,0,0,0,0,0,0,0,1,0,0,1
QUANGNAM,1999,5628,79.2,23.421,199.799,58,0,0,1,0,0,0,0,0,0,1,0,0,0,0,0,0,0,0,0,0,0,0,0,0,1,0,0,1
QUANGNAM,1999,1427.272,64.68,23.6512,172.771,41,0,0,1,0,0,0,0,0,0,0,1,0,0,0,0,0,0,0,0,0,0,0,0,0,1,0,0,1
QUANGNAM,1999,832.4,19,23.6874,163.644,35,0,1,0,0,0,0,0,0,0,0,0,1,0,0,0,0,0,0,0,0,0,0,0,0,1,0,0,1
QUANGNAM,1999,1008.696,18.62,23.571,153.915,40,0,1,0,0,0,0,0,0,0,0,0,0,1,0,0,0,0,0,0,0,0,0,0,0,1,0,0,1
QUANGNAM,1999,1008.696,18.62,24.54,140.215,44,0,0,0,1,0,0,0,0,0,0,0,0,0,1,0,0,0,0,0,0,0,0,0,0,1,0,0,1
QUANGNAM,1999,3391.12,68.2,22.617,129.832,44,0,0,0,1,0,0,0,0,0,0,0,0,0,0,1,0,0,0,0,0,0,0,0,0,1,0,0,1
QUANGNAM,1999,845,21,24.325,111.489,29,0,0,0,1,0,0,0,0,0,0,0,0,0,0,0,1,0,0,0,0,0,0,0,0,1,0,0,1
QUANGNAM,1999,6424.31,61.71,24.654,83.026,35,0,1,0,0,0,0,0,0,0,0,0,0,0,0,0,0,0,1,0,0,0,0,0,0,1,0,0,1
QUANGNAM,1999,892.4,28.6,23.74,64.904,84,0,1,0,0,0,0,0,0,0,0,0,0,0,0,0,0,0,0,1,0,0,0,0,0,1,0,0,1
QUANGNAM,1999,2813,33,23.647,51.9384,43,0,1,0,0,0,0,0,0,0,0,0,0,0,0,0,0,0,0,0,1,0,0,0,0,1,0,0,1
QUANGNAM,1999,15035,61.6,24.0124,47.6166,45,0,1,0,0,0,0,0,0,0,0,0,0,0,0,0,0,0,0,0,0,1,0,0,0,1,0,0,1
QUANGNAM,1999,356.572,68.2,24.689,43.905,84,0,1,0,0,0,0,0,0,0,0,0,0,0,0,0,0,0,0,0,0,0,1,0,0,1,0,0,1
QUANGNAM,1999,5894.47,55.539,26.67,42.086,71,0,0,0,1,0,1,0,0,0,0,0,0,0,0,0,0,0,0,0,0,0,0,0,1,0,0,1,0
QUANGNAM,1999,901.6,22.1,28.66,38.8984,74,0,0,1,0,0,0,1,0,0,0,0,0,0,0,0,0,0,0,0,0,0,0,0,1,0,0,1,0
QUANGNAM,1999,2755,26.7,29.6,37.3426,69,0,1,0,0,0,0,0,1,0,0,0,0,0,0,0,0,0,0,0,0,0,0,0,1,0,0,1,0
QUANGNAM,1999,15190,47.6,27.66,35.1796,67,0,0,0,0,1,0,0,0,1,0,0,0,0,0,0,0,0,0,0,0,0,0,0,1,0,0,1,0
QUANGNAM,1999,349.22,55.18,27.76,33.0362,62,0,0,1,0,0,0,0,0,0,1,0,0,0,0,0,0,0,0,0,0,0,0,0,1,0,0,1,0
QUANGNAM,1999,308.555,51.15,28.01,31.1298,47,0,0,1,0,0,0,0,0,0,0,0,1,0,0,0,0,0,0,0,0,0,0,0,1,0,0,1,0
QUANGNAM,1999,4200,71.4,27.708,28.6832,44,0,1,0,0,0,0,0,0,0,0,0,0,0,0,0,1,0,0,0,0,0,0,0,1,0,0,1,0
QUANGNAM,1999,825.3,23.74658706,28.522,27.5016,61,0,1,0,0,0,0,0,0,0,0,0,0,0,0,0,0,0,1,0,0,0,0,0,1,0,0,1,0
QUANGNAM,1999,5826,59.04,28.33,26.5674,77,0,0,1,0,0,0,0,0,0,0,0,0,0,0,0,0,0,0,1,0,0,0,0,1,0,0,1,0
QUANGNAM,1999,739.4079822,33.5079146,24.5,24.548,90,0,0,1,0,0,0,0,0,0,0,0,0,0,0,0,0,0,0,0,1,0,0,0,1,0,0,1,0
QUANGNAM,1999,832.4,19,27.273,24.4334,75,0,0,0,1,0,0,0,0,0,0,0,0,0,0,0,0,0,0,0,0,1,0,0,1,0,0,1,0
QUANGNAM,1999,1361.115,28.42,28.5,23.4206,85,0,0,1,0,0,0,0,0,0,0,0,0,0,0,0,0,0,0,0,0,0,1,0,1,0,0,1,0
QUANGNAM,1999,1011.88,27.44,26.41,22.9778,46,0,1,0,0,0,0,0,0,0,0,0,0,0,0,0,0,0,0,0,0,0,0,1,1,0,0,1,0
QUANGNAM,1999,3652,42.6,22.8118,20.6762,35,0,0,0,1,0,1,0,0,0,0,0,0,0,0,0,0,0,0,0,0,0,0,0,0,0,1,0,0
QUANGNAM,1999,754.497941,34.19174959,23.017,14.8936,29,0,0,1,0,0,0,0,0,1,0,0,0,0,0,0,0,0,0,0,0,0,0,0,0,0,1,0,0
QUANGNAM,1999,845.1,27,24.11217,13.8526,20,0,1,0,0,0,0,0,0,0,1,0,0,0,0,0,0,0,0,0,0,0,0,0,0,0,1,0,0
QUANGNAM,1999,1243.55,21.56,22.9408,10.9318,41,0,1,0,0,0,0,0,0,0,0,1,0,0,0,0,0,0,0,0,0,0,0,0,0,0,1,0,0
QUANGNAM,1999,3251.28,60.76,23.0148,9.8218,70,0,1,0,0,0,0,0,0,0,0,0,1,0,0,0,0,0,0,0,0,0,0,0,0,0,1,0,0
QUANGNAM,1999,21200,19,23.5864,9.2558,36,0,0,1,0,0,0,0,0,0,0,0,0,1,0,0,0,0,0,0,0,0,0,0,0,0,1,0,0
QUANGNAM,1999,6556.77,48.807,22.4246,8.5154,34,0,0,0,1,0,0,0,0,0,0,0,0,0,1,0,0,0,0,0,0,0,0,0,0,0,1,0,0
QUANGNAM,1999,782,26,23.9898,8.099,20,0,0,1,0,0,0,0,0,0,0,0,0,0,0,1,0,0,0,0,0,0,0,0,0,0,1,0,0
QUANGNAM,1999,341.868,60.76,23.0008,5.8858,35,0,0,1,0,0,0,0,0,0,0,0,0,0,0,0,0,0,1,0,0,0,0,0,0,0,1,0,0
QUANGNAM,1999,296.335,60.5,23.4992,4.7386,43,0,0,1,0,0,0,0,0,0,0,0,0,0,0,0,0,0,0,1,0,0,0,0,0,0,1,0,0
QUANGNAM,1999,1564.5,29,24.5774,3.9672,43,0,0,1,0,0,0,0,0,0,0,0,0,0,0,0,0,0,0,0,1,0,0,0,0,0,1,0,0
QUANGNAM,1999,3962,62.5,24.3446,1.308,35,0,0,1,0,0,0,0,0,0,0,0,0,0,0,0,0,0,0,0,0,1,0,0,0,0,1,0,0
QUANGNAM,2000,1564.5,29,23.2746,273.619,33,0,1,0,0,0,1,0,0,0,0,0,0,0,0,0,0,0,0,0,0,0,0,0,0,1,0,0,1
QUANGNAM,2000,862.3,28.7315028,23.348,225.335,20,0,1,0,0,0,0,0,0,1,0,0,0,0,0,0,0,0,0,0,0,0,0,0,0,1,0,0,1
QUANGNAM,2000,5782,56.16,24.50667,198.556,31,0,1,0,0,0,0,0,0,0,1,0,0,0,0,0,0,0,0,0,0,0,0,0,0,1,0,0,1
QUANGNAM,2000,1113.27216,50.4504,23.453,169.872,49,0,0,1,0,0,0,0,0,0,0,1,0,0,0,0,0,0,0,0,0,0,0,0,0,1,0,0,1
QUANGNAM,2000,862.3,29,23.698,162.181,35,0,0,1,0,0,0,0,0,0,0,0,1,0,0,0,0,0,0,0,0,0,0,0,0,1,0,0,1
QUANGNAM,2000,3496,48.36,22.459,127.978,32,0,0,0,1,0,0,0,0,0,0,0,0,0,0,1,0,0,0,0,0,0,0,0,0,1,0,0,1
QUANGNAM,2000,19200,22,23.541,109.182,33,0,0,0,1,0,0,0,0,0,0,0,0,0,0,0,0,1,0,0,0,0,0,0,0,1,0,0,1
QUANGNAM,2000,2900,23.4,24.5968,51.9384,35,0,1,0,0,0,0,0,0,0,0,0,0,0,0,0,0,0,0,0,1,0,0,0,0,1,0,0,1
QUANGNAM,2000,15500,43.68,24.855,47.6166,42,0,1,0,0,0,0,0,0,0,0,0,0,0,0,0,0,0,0,0,0,1,0,0,0,1,0,0,1
QUANGNAM,2000,367.6,48.36,23.092,43.905,53,0,0,1,0,0,0,0,0,0,0,0,0,0,0,0,0,0,0,0,0,0,1,0,0,1,0,0,1
QUANGNAM,2000,305.5,42.9,24.3758,42.7612,35,0,0,1,0,0,0,0,0,0,0,0,0,0,0,0,0,0,0,0,0,0,0,1,0,1,0,0,1
QUANGNAM,2000,6490.54,47.685,26.1,42.0102,51,0,1,0,0,0,1,0,0,0,0,0,0,0,0,0,0,0,0,0,0,0,0,0,1,0,0,1,0
QUANGNAM,2000,874,23.14,28,38.6634,48,0,0,1,0,0,0,1,0,0,0,0,0,0,0,0,0,0,0,0,0,0,0,0,1,0,0,1,0
QUANGNAM,2000,2929,27.9,28.82,37.3426,52,0,1,0,0,0,0,0,1,0,0,0,0,0,0,0,0,0,0,0,0,0,0,0,1,0,0,1,0
QUANGNAM,2000,14725,49.84,26.6,34.9258,61,0,0,1,0,0,0,0,0,1,0,0,0,0,0,0,0,0,0,0,0,0,0,0,1,0,0,1,0
QUANGNAM,2000,371.276,57.66,28.34,32.847,66,0,0,1,0,0,0,0,0,0,1,0,0,0,0,0,0,0,0,0,0,0,0,0,1,0,0,1,0
QUANGNAM,2000,302.445,54.45,26.92,30.838,71,0,0,1,0,0,0,0,0,0,0,0,1,0,0,0,0,0,0,0,0,0,0,0,1,0,0,1,0
QUANGNAM,2000,4123,65.7,27.18,28.6822,57,0,0,1,0,0,0,0,0,0,0,0,0,0,0,0,0,1,0,0,0,0,0,0,1,0,0,1,0
QUANGNAM,2000,850.2,19.47220139,28.02,27.5016,61,0,1,0,0,0,0,0,0,0,0,0,0,0,0,0,0,0,1,0,0,0,0,0,1,0,0,1,0
QUANGNAM,2000,5392,70.56,26.354,26.5674,59,0,0,1,0,0,0,0,0,0,0,0,0,0,0,0,0,0,0,1,0,0,0,0,1,0,0,1,0
QUANGNAM,2000,862.3,29,27.5,24.4334,46,0,0,0,1,0,0,0,0,0,0,0,0,0,0,0,0,0,0,0,0,1,0,0,1,0,0,1,0
QUANGNAM,2000,1403.654,25.48,29.259,22.2012,61,0,1,0,0,0,0,0,0,0,0,0,0,0,0,0,0,0,0,0,0,0,0,1,1,0,0,1,0
QUANGNAM,2000,2573,56.7,23.2746,20.6762,33,0,1,0,0,0,1,0,0,0,0,0,0,0,0,0,0,0,0,0,0,0,0,0,0,0,1,0,0
QUANGNAM,2000,739.4079822,33.5079146,23.6324,14.8936,29,0,1,0,0,0,0,0,0,1,0,0,0,0,0,0,0,0,0,0,0,0,0,0,0,0,1,0,0
QUANGNAM,2000,1509.69,20.58,23.8315,13.497,60,0,1,0,0,0,0,0,0,0,1,0,0,0,0,0,0,0,0,0,0,0,0,0,0,0,1,0,0
QUANGNAM,2000,1008.696,18.62,23.527,10.9318,36,0,0,1,0,0,0,0,0,0,0,1,0,0,0,0,0,0,0,0,0,0,0,0,0,0,1,0,0
QUANGNAM,2000,21900,29,24.1724,9.253,23,0,0,1,0,0,0,0,0,0,0,0,0,1,0,0,0,0,0,0,0,0,0,0,0,0,1,0,0
QUANGNAM,2000,818.8,24.7,24.6558,8.099,29,0,0,0,1,0,0,0,0,0,0,0,0,0,0,1,0,0,0,0,0,0,0,0,0,0,1,0,0
QUANGNAM,2000,14415,54.88,24.7466,7.2458,53,0,1,0,0,0,0,0,0,0,0,0,0,0,0,0,0,1,0,0,0,0,0,0,0,0,1,0,0
QUANGNAM,2000,1123.5,31,24.0086,3.9404,84,0,1,0,0,0,0,0,0,0,0,0,0,0,0,0,0,0,0,0,1,0,0,0,0,0,1,0,0
QUANGNAM,2000,3524,49.9,24.885,1.308,45,0,0,1,0,0,0,0,0,0,0,0,0,0,0,0,0,0,0,0,0,1,0,0,0,0,1,0,0
QUANGNAM,2001,1123.5,31,23.5674,273.383,29,0,1,0,0,0,1,0,0,0,0,0,0,0,0,0,0,0,0,0,0,0,0,0,0,1,0,0,1
QUANGNAM,2001,842.8,24.99640744,23.017,225.212,29,0,0,1,0,0,0,0,0,1,0,0,0,0,0,0,0,0,0,0,0,0,0,0,0,1,0,0,1
QUANGNAM,2001,5382,62.64,24.3985,196.633,27,0,1,0,0,0,0,0,0,0,1,0,0,0,0,0,0,0,0,0,0,0,0,0,0,1,0,0,1
QUANGNAM,2001,968.5467792,43.891848,22.93,169.731,60,0,0,1,0,0,0,0,0,0,0,1,0,0,0,0,0,0,0,0,0,0,0,0,0,1,0,0,1
QUANGNAM,2001,1123.5,30.38,23.774,152.076,54,0,0,0,1,0,0,0,0,0,0,0,0,1,0,0,0,0,0,0,0,0,0,0,0,1,0,0,1
QUANGNAM,2001,3461.04,53.94,24.3958,127.43,39,0,0,0,1,0,0,0,0,0,0,0,0,0,0,1,0,0,0,0,0,0,0,0,0,1,0,0,1
QUANGNAM,2001,21200,19,24.8741,107.118,55,0,0,1,0,0,0,0,0,0,0,0,0,0,0,0,0,1,0,0,0,0,0,0,0,1,0,0,1
QUANGNAM,2001,2871,26.1,24.1324,51.9268,27,0,0,1,0,0,0,0,0,0,0,0,0,0,0,0,0,0,0,0,1,0,0,0,0,1,0,0,1
QUANGNAM,2001,15345,48.72,24.7532,47.337,38,0,0,1,0,0,0,0,0,0,0,0,0,0,0,0,0,0,0,0,0,1,0,0,0,1,0,0,1
QUANGNAM,2001,6291.85,49.929,25.54,42.0102,73,0,0,0,1,0,1,0,0,0,0,0,0,0,0,0,0,0,0,0,0,0,0,0,1,0,0,1,0
QUANGNAM,2001,929.2,24.18,26.86,38.6634,68,0,0,1,0,0,0,1,0,0,0,0,0,0,0,0,0,0,0,0,0,0,0,0,1,0,0,1,0
QUANGNAM,2001,2871,29.7,27.72,36.5752,64,0,1,0,0,0,0,0,1,0,0,0,0,0,0,0,0,0,0,0,0,0,0,0,1,0,0,1,0
QUANGNAM,2001,15655,52.08,26.27,34.9258,71,0,0,0,0,1,0,0,0,1,0,0,0,0,0,0,0,0,0,0,0,0,0,0,1,0,0,1,0
QUANGNAM,2001,363.924,61.38,26.404,32.6042,63,0,0,1,0,0,0,0,0,0,1,0,0,0,0,0,0,0,0,0,0,0,0,0,1,0,0,1,0
QUANGNAM,2001,3520,59.1,26.186,29.7192,67,0,0,0,1,0,0,0,0,0,0,0,0,0,1,0,0,0,0,0,0,0,0,0,1,0,0,1,0
QUANGNAM,2001,4233,73.4,28.397,28.6452,60,0,0,1,0,0,0,0,0,0,0,0,0,0,0,0,0,1,0,0,0,0,0,0,1,0,0,1,0
QUANGNAM,2001,5748,68.4,26.587,26.2664,58,0,0,1,0,0,0,0,0,0,0,0,0,0,0,0,0,0,0,1,0,0,0,0,1,0,0,1,0
QUANGNAM,2001,842.8,31,26.768,24.0944,53,0,0,0,1,0,0,0,0,0,0,0,0,0,0,0,0,0,0,0,0,1,0,0,1,0,0,1,0
QUANGNAM,2001,1368.475,26.46,28.1,22.2012,62,0,1,0,0,0,0,0,0,0,0,0,0,0,0,0,0,0,0,0,0,0,0,1,1,0,0,1,0
QUANGNAM,2001,4300,70.3,23.5674,20.5066,29,0,1,0,0,0,1,0,0,0,0,0,0,0,0,0,0,0,0,0,0,0,0,0,0,0,1,0,0
QUANGNAM,2001,845,21,23.46683,14.7282,26,0,0,1,0,0,0,0,0,1,0,0,0,0,0,0,0,0,0,0,0,0,0,0,0,0,1,0,0
QUANGNAM,2001,1243.55,21.56,24.079,13.497,51,0,1,0,0,0,0,0,0,0,1,0,0,0,0,0,0,0,0,0,0,0,0,0,0,0,1,0,0
QUANGNAM,2001,1361.115,28.42,24.004,10.7514,4,0,1,0,0,0,0,0,0,0,0,1,0,0,0,0,0,0,0,0,0,0,0,0,0,0,1,0,0
QUANGNAM,2001,23200,31,24.5316,9.253,50,0,0,1,0,0,0,0,0,0,0,0,0,1,0,0,0,0,0,0,0,0,0,0,0,0,1,0,0
QUANGNAM,2001,5894.47,53.295,22.9996,8.3802,23,0,0,0,1,0,0,0,0,0,0,0,0,0,1,0,0,0,0,0,0,0,0,0,0,0,1,0,0
QUANGNAM,2001,855.6,21.32,24.8906,8.0586,29,0,0,0,1,0,0,0,0,0,0,0,0,0,0,1,0,0,0,0,0,0,0,0,0,0,1,0,0
QUANGNAM,2001,2465,30,24.0296,7.4862,31,0,0,0,1,0,0,0,0,0,0,0,0,0,0,0,1,0,0,0,0,0,0,0,0,0,1,0,0
QUANGNAM,2001,15035,61.6,25.008,7.2458,32,0,1,0,0,0,0,0,0,0,0,0,0,0,0,0,0,1,0,0,0,0,0,0,0,0,1,0,0
QUANGNAM,2001,367.6,48.36,23.795,5.728,55,0,1,0,0,0,0,0,0,0,0,0,0,0,0,0,0,0,1,0,0,0,0,0,0,0,1,0,0
QUANGNAM,2001,302.445,47.85,24.7112,4.7386,22,0,1,0,0,0,0,0,0,0,0,0,0,0,0,0,0,0,0,1,0,0,0,0,0,0,1,0,0
QUANGNAM,2001,1322.5,33,24.654,3.9404,65,0,1,0,0,0,0,0,0,0,0,0,0,0,0,0,0,0,0,0,1,0,0,0,0,0,1,0,0
QUANGNAM,2002,1322.5,33,23.5598,270.333,85,0,0,0,1,0,1,0,0,0,0,0,0,0,0,0,0,0,0,0,0,0,0,0,0,1,0,0,1
QUANGNAM,2002,800,24.99640744,23.6324,223.546,29,0,1,0,0,0,0,0,0,1,0,0,0,0,0,0,0,0,0,0,0,0,0,0,0,1,0,0,1
QUANGNAM,2002,5462,72,24.11217,194.961,20,0,1,0,0,0,0,0,0,0,1,0,0,0,0,0,0,0,0,0,0,0,0,0,0,1,0,0,1
QUANGNAM,2002,968.5467792,43.891848,23.1286,169.422,34,0,1,0,0,0,0,0,0,0,0,1,0,0,0,0,0,0,0,0,0,0,0,0,0,1,0,0,1
QUANGNAM,2002,800,33,23.3912,159.085,84,0,1,0,0,0,0,0,0,0,0,0,1,0,0,0,0,0,0,0,0,0,0,0,0,1,0,0,1
QUANGNAM,2002,1256.375,32.34,23.8826,151.874,34,0,0,0,1,0,0,0,0,0,0,0,0,1,0,0,0,0,0,0,0,0,0,0,0,1,0,0,1
QUANGNAM,2002,5629.55,56.1,23.0008,81.695,35,0,0,1,0,0,0,0,0,0,0,0,0,0,0,0,0,0,1,0,0,0,0,0,0,1,0,0,1
QUANGNAM,2002,782,26,23.4992,60,43,0,0,1,0,0,0,0,0,0,0,0,0,0,0,0,0,0,0,1,0,0,0,0,0,1,0,0,1
QUANGNAM,2002,2465,30,24.5774,51.9268,43,0,0,1,0,0,0,0,0,0,0,0,0,0,0,0,0,0,0,0,1,0,0,0,0,1,0,0,1
QUANGNAM,2002,13175,56,24.3446,47.337,35,0,0,1,0,0,0,0,0,0,0,0,0,0,0,0,0,0,0,0,0,1,0,0,0,1,0,0,1
QUANGNAM,2002,312.46,62,23.3798,43.285,43,0,0,1,0,0,0,0,0,0,0,0,0,0,0,0,0,0,0,0,0,0,1,0,0,1,0,0,1
QUANGNAM,2002,259.675,55,24.7042,42.6778,43,0,1,0,0,0,0,0,0,0,0,0,0,0,0,0,0,0,0,0,0,0,0,1,0,1,0,0,1
QUANGNAM,2002,6689.23,52.173,25.75,41.6582,64,0,1,0,0,0,1,0,0,0,0,0,0,0,0,0,0,0,0,0,0,0,0,0,1,0,0,1,0
QUANGNAM,2002,910.8,25.74,26.66,38.6254,47,0,0,1,0,0,0,1,0,0,0,0,0,0,0,0,0,0,0,0,0,0,0,0,1,0,0,1,0
QUANGNAM,2002,2697,30,27.43,36.5752,71,0,1,0,0,0,0,0,1,0,0,0,0,0,0,0,0,0,0,0,0,0,0,0,1,0,0,1,0
QUANGNAM,2002,15345,55.44,25.97,34.6954,52,0,0,0,0,1,0,0,0,1,0,0,0,0,0,0,0,0,0,0,0,0,0,0,1,0,0,1,0
QUANGNAM,2002,341.868,62,26.526,32.6042,76,0,0,1,0,0,0,0,0,0,1,0,0,0,0,0,0,0,0,0,0,0,0,0,1,0,0,1,0
QUANGNAM,2002,1540.5,21,26.04,30.838,61,0,1,0,0,0,0,0,0,0,0,0,1,0,0,0,0,0,0,0,0,0,0,0,1,0,0,1,0
QUANGNAM,2002,3253,59.2,26.1,29.3722,78,0,0,0,1,0,0,0,0,0,0,0,0,0,1,0,0,0,0,0,0,0,0,0,1,0,0,1,0
QUANGNAM,2002,3901,65.2,28.276,28.6452,39,0,0,1,0,0,0,0,0,0,0,0,0,0,0,0,0,1,0,0,0,0,0,0,1,0,0,1,0
QUANGNAM,2002,867.2,18.1286195,26.53,27.4898,60,0,1,0,0,0,0,0,0,0,0,0,0,0,0,0,0,0,1,0,0,0,0,0,1,0,0,1,0
QUANGNAM,2002,5700,72.72,26.136,26.2664,47,0,0,1,0,0,0,0,0,0,0,0,0,0,0,0,0,0,0,1,0,0,0,0,1,0,0,1,0
QUANGNAM,2002,800,33,26.481,24.0944,59,0,0,1,0,0,0,0,0,0,0,0,0,0,0,0,0,0,0,0,0,1,0,0,1,0,0,1,0
QUANGNAM,2002,1242.805,27.832,27.22,22.0678,59,0,1,0,0,0,0,0,0,0,0,0,0,0,0,0,0,0,0,0,0,0,0,1,1,0,0,1,0
QUANGNAM,2002,4200,71.4,23.5598,20.5066,85,0,0,0,1,0,1,0,0,0,0,0,0,0,0,0,0,0,0,0,0,0,0,0,0,0,1,0,0
QUANGNAM,2002,867.2,18.1286195,23.9084,18.0032,30,0,0,1,0,0,0,1,0,0,0,0,0,0,0,0,0,0,0,0,0,0,0,0,0,0,1,0,0
QUANGNAM,2002,5700,72.72,24.2334,16.2492,30,0,0,1,0,0,0,0,1,0,0,0,0,0,0,0,0,0,0,0,0,0,0,0,0,0,1,0,0
QUANGNAM,2002,832.4,22,24.2225,14.7282,33,0,1,0,0,0,0,0,0,1,0,0,0,0,0,0,0,0,0,0,0,0,0,0,0,0,1,0,0
QUANGNAM,2002,1008.696,18.62,23.96683,13.0362,44,0,1,0,0,0,0,0,0,0,1,0,0,0,0,0,0,0,0,0,0,0,0,0,0,0,1,0,0
QUANGNAM,2002,1123.5,30.38,24.0046,10.7514,43,0,0,1,0,0,0,0,0,0,0,1,0,0,0,0,0,0,0,0,0,0,0,0,0,0,1,0,0
QUANGNAM,2002,22100,33,24.4052,9.0222,47,0,0,0,1,0,0,0,0,0,0,0,0,1,0,0,0,0,0,0,0,0,0,0,0,0,1,0,0
QUANGNAM,2002,2581,28.5,23.939,7.4396,27,0,0,0,1,0,0,0,0,0,0,0,0,0,0,0,1,0,0,0,0,0,0,0,0,0,1,0,0
QUANGNAM,2002,15500,43.68,24.7984,7.227,39,0,1,0,0,0,0,0,0,0,0,0,0,0,0,0,0,1,0,0,0,0,0,0,0,0,1,0,0
QUANGNAM,2002,363.924,53.94,23.7566,5.728,65,0,1,0,0,0,0,0,0,0,0,0,0,0,0,0,0,0,1,0,0,0,0,0,0,0,1,0,0
QUANGNAM,2002,259.675,55,24.437,4.4158,37,0,1,0,0,0,0,0,0,0,0,0,0,0,0,0,0,0,0,1,0,0,0,0,0,0,1,0,0
QUANGNAM,2002,1234,28,24.6848,3.8366,45,0,0,1,0,0,0,0,0,0,0,0,0,0,0,0,0,0,0,0,1,0,0,0,0,0,1,0,0
QUANGNAM,2002,3625,45.8,24.8558,1.1432,65,0,0,1,0,0,0,0,0,0,0,0,0,0,0,0,0,0,0,0,0,1,0,0,0,0,1,0,0
QUANGNAM,2003,1234,28,23.7654,267.372,87,0,1,0,0,0,1,0,0,0,0,0,0,0,0,0,0,0,0,0,0,0,0,0,0,1,0,0,1
QUANGNAM,2003,3524,49.9,23.9084,240.383,30,0,0,1,0,0,0,1,0,0,0,0,0,0,0,0,0,0,0,0,0,0,0,0,0,1,0,0,1
QUANGNAM,2003,825.3,23.74658706,23.46683,223.499,26,0,0,1,0,0,0,0,0,1,0,0,0,0,0,0,0,0,0,0,0,0,0,0,0,1,0,0,1
QUANGNAM,2003,5672,68.4,23.8315,191.843,60,0,1,0,0,0,0,0,0,0,1,0,0,0,0,0,0,0,0,0,0,0,0,0,0,1,0,0,1
QUANGNAM,2003,920.1194402,41.6972556,22.9408,169.093,41,0,1,0,0,0,0,0,0,0,0,1,0,0,0,0,0,0,0,0,0,0,0,0,0,1,0,0,1
QUANGNAM,2003,825.3,28,23.0148,159.043,70,0,1,0,0,0,0,0,0,0,0,0,1,0,0,0,0,0,0,0,0,0,0,0,0,1,0,0,1
QUANGNAM,2003,1011.88,27.44,22.4246,136.336,34,0,0,0,1,0,0,0,0,0,0,0,0,0,1,0,0,0,0,0,0,0,0,0,0,1,0,0,1
QUANGNAM,2003,3111.44,58.9,23.9898,124.321,20,0,0,1,0,0,0,0,0,0,0,0,0,0,0,1,0,0,0,0,0,0,0,0,0,1,0,0,1
QUANGNAM,2003,23200,31,24.7466,106.16,53,0,1,0,0,0,0,0,0,0,0,0,0,0,0,0,0,1,0,0,0,0,0,0,0,1,0,0,1
QUANGNAM,2003,2581,28.5,24.0086,51.883,84,0,1,0,0,0,0,0,0,0,0,0,0,0,0,0,0,0,0,0,1,0,0,0,0,1,0,0,1
QUANGNAM,2003,13795,53.2,24.885,47.3158,45,0,0,1,0,0,0,0,0,0,0,0,0,0,0,0,0,0,0,0,0,1,0,0,0,1,0,0,1
QUANGNAM,2003,271.895,52.25,24.9606,42.6778,84,0,1,0,0,0,0,0,0,0,0,0,0,0,0,0,0,0,0,0,0,0,0,1,0,1,0,0,1
QUANGNAM,2003,6556.77,55.539,25.994,41.6582,56,0,0,0,1,0,1,0,0,0,0,0,0,0,0,0,0,0,0,0,0,0,0,0,1,0,0,1,0
QUANGNAM,2003,15500,56,28.309,36.432,48,0,1,0,0,0,0,0,1,0,0,0,0,0,0,0,0,0,0,0,0,0,0,0,1,0,0,1,0
QUANGNAM,2003,14415,56,26.66,34.6954,51,0,0,0,0,1,0,0,0,1,0,0,0,0,0,0,0,0,0,0,0,0,0,0,1,0,0,1,0
QUANGNAM,2003,305.5,55,27.01,32.1944,62,0,0,1,0,0,0,0,0,0,1,0,0,0,0,0,0,0,0,0,0,0,0,0,1,0,0,1,0
QUANGNAM,2003,3618,61.4,27.12,29.3722,49,0,0,0,1,0,0,0,0,0,0,0,0,0,1,0,0,0,0,0,0,0,0,0,1,0,0,1,0
QUANGNAM,2003,4123,72.5,26.008,28.5188,54,0,0,1,0,0,0,0,0,0,0,0,0,0,0,0,0,1,0,0,0,0,0,0,1,0,0,1,0
QUANGNAM,2003,845.5,18.30990569,27.672,27.4898,55,0,1,0,0,0,0,0,0,0,0,0,0,0,0,0,0,0,1,0,0,0,0,0,1,0,0,1,0
QUANGNAM,2003,5102,71.28,26.755,26.124,76,0,0,1,0,0,0,0,0,0,0,0,0,0,0,0,0,0,0,1,0,0,0,0,1,0,0,1,0
QUANGNAM,2003,825.3,28,27.222,23.9846,71,0,0,0,1,0,0,0,0,0,0,0,0,0,0,0,0,0,0,0,0,1,0,0,1,0,0,1,0
QUANGNAM,2003,1525.095,32.1244,29.102,22.0678,71,0,1,0,0,0,0,0,0,0,0,0,0,0,0,0,0,0,0,0,0,0,0,1,1,0,0,1,0
QUANGNAM,2003,4123,65.7,23.7654,19.6038,87,0,1,0,0,0,1,0,0,0,0,0,0,0,0,0,0,0,0,0,0,0,0,0,0,0,1,0,0
QUANGNAM,2003,845.5,18.30990569,23.8456,17.622,48,0,0,1,0,0,0,1,0,0,0,0,0,0,0,0,0,0,0,0,0,0,0,0,0,0,1,0,0
QUANGNAM,2003,832.4,19,23.864,14.6656,39,0,0,1,0,0,0,0,0,1,0,0,0,0,0,0,0,0,0,0,0,0,0,0,0,0,1,0,0
QUANGNAM,2003,1361.115,28.42,24.1122,12.8052,30,0,0,1,0,0,0,0,0,0,1,0,0,0,0,0,0,0,0,0,0,0,0,0,0,0,1,0,0
QUANGNAM,2003,1256.375,32.34,24.00124,10.6622,23,0,1,0,0,0,0,0,0,0,0,1,0,0,0,0,0,0,0,0,0,0,0,0,0,0,1,0,0
QUANGNAM,2003,2971.6,62,23.564,9.8218,85,0,1,0,0,0,0,0,0,0,0,0,1,0,0,0,0,0,0,0,0,0,0,0,0,0,1,0,0
QUANGNAM,2003,6556.77,54.978,22.546,8.3802,47,0,0,0,1,0,0,0,0,0,0,0,0,0,1,0,0,0,0,0,0,0,0,0,0,0,1,0,0
QUANGNAM,2003,920,24.7,24.3958,7.8588,33,0,0,0,1,0,0,0,0,0,0,0,0,0,0,1,0,0,0,0,0,0,0,0,0,0,1,0,0
QUANGNAM,2003,2697,24.6,24.621,7.4396,20,0,0,0,1,0,0,0,0,0,0,0,0,0,0,0,1,0,0,0,0,0,0,0,0,0,1,0,0
QUANGNAM,2003,15345,48.72,24.8714,7.227,41,0,1,0,0,0,0,0,0,0,0,0,0,0,0,0,0,1,0,0,0,0,0,0,0,0,1,0,0
QUANGNAM,2003,312.46,62,23.5421,5.2844,40,0,1,0,0,0,0,0,0,0,0,0,0,0,0,0,0,0,1,0,0,0,0,0,0,0,1,0,0
QUANGNAM,2003,271.895,52.25,24.6554,4.4158,74,0,1,0,0,0,0,0,0,0,0,0,0,0,0,0,0,0,0,1,0,0,0,0,0,0,1,0,0
QUANGNAM,2003,1432.3,26,24.5968,3.8366,65,0,1,0,0,0,0,0,0,0,0,0,0,0,0,0,0,0,0,0,1,0,0,0,0,0,1,0,0
QUANGNAM,2003,2648,60.4,24.855,1.1432,40,0,1,0,0,0,0,0,0,0,0,0,0,0,0,0,0,0,0,0,0,1,0,0,0,0,1,0,0
QUANGNAM,2004,1432.3,26,23.456,259.475,20,0,0,0,1,0,1,0,0,0,0,0,0,0,0,0,0,0,0,0,0,0,0,0,0,1,0,0,1
QUANGNAM,2004,2636,59.6,23.8456,240.257,48,0,0,1,0,0,0,1,0,0,0,0,0,0,0,0,0,0,0,0,0,0,0,0,0,1,0,0,1
QUANGNAM,2004,850.2,19.47220139,24.2225,221.975,33,0,1,0,0,0,0,0,0,1,0,0,0,0,0,0,0,0,0,0,0,0,0,0,0,1,0,0,1
QUANGNAM,2004,5826,59.04,24.079,184.947,51,0,1,0,0,0,0,0,0,0,1,0,0,0,0,0,0,0,0,0,0,0,0,0,0,1,0,0,1
QUANGNAM,2004,754.497941,34.19174959,23.527,168.871,36,0,0,1,0,0,0,0,0,0,0,1,0,0,0,0,0,0,0,0,0,0,0,0,0,1,0,0,1
QUANGNAM,2004,1011.88,27.44,23.5864,151.213,36,0,0,1,0,0,0,0,0,0,0,0,0,1,0,0,0,0,0,0,0,0,0,0,0,1,0,0,1
QUANGNAM,2004,3251.28,50.84,24.6558,120.063,29,0,0,0,1,0,0,0,0,0,0,0,0,0,0,1,0,0,0,0,0,0,0,0,0,1,0,0,1
QUANGNAM,2004,22100,33,25.008,102.709,32,0,1,0,0,0,0,0,0,0,0,0,0,0,0,0,0,1,0,0,0,0,0,0,0,1,0,0,1
QUANGNAM,2004,6159.39,46.002,23.795,81.429,55,0,1,0,0,0,0,0,0,0,0,0,0,0,0,0,0,0,1,0,0,0,0,0,0,1,0,0,1
QUANGNAM,2004,855.6,21.32,24.7112,59.893,22,0,1,0,0,0,0,0,0,0,0,0,0,0,0,0,0,0,0,1,0,0,0,0,0,1,0,0,1
QUANGNAM,2004,2697,24.6,24.654,51.1382,65,0,1,0,0,0,0,0,0,0,0,0,0,0,0,0,0,0,0,0,1,0,0,0,0,1,0,0,1
QUANGNAM,2004,341.868,50.84,24.5146,43.204,22,0,0,1,0,0,0,0,0,0,0,0,0,0,0,0,0,0,0,0,0,0,1,0,0,1,0,0,1
QUANGNAM,2004,284.115,45.1,24.664,42.4738,65,0,1,0,0,0,0,0,0,0,0,0,0,0,0,0,0,0,0,0,0,0,0,1,0,1,0,0,1
QUANGNAM,2004,6159.39,56.1,27,41.015,79,0,0,0,1,0,1,0,0,0,0,0,0,0,0,0,0,0,0,0,0,0,0,0,1,0,0,1,0
QUANGNAM,2004,14415,54.88,29.38,36.432,55,0,1,0,0,0,0,0,1,0,0,0,0,0,0,0,0,0,0,0,0,0,0,0,1,0,0,1,0
QUANGNAM,2004,367.6,62,27.79,34.5776,64,0,0,0,0,1,0,0,0,1,0,0,0,0,0,0,0,0,0,0,0,0,0,0,1,0,0,1,0
QUANGNAM,2004,284.115,53.9,28.25,32.1944,80,0,0,1,0,0,0,0,0,0,1,0,0,0,0,0,0,0,0,0,0,0,0,0,1,0,0,1,0
QUANGNAM,2004,3627,54.6,27.586,29.2804,46,1,0,0,0,0,0,0,0,0,0,0,0,0,1,0,0,0,0,0,0,0,0,0,1,0,0,1,0
QUANGNAM,2004,4425,72.9,29.5,28.5188,58,0,0,1,0,0,0,0,0,0,0,0,0,0,0,0,0,1,0,0,0,0,0,0,1,0,0,1,0
QUANGNAM,2004,839.1,18.12680663,28.372,27.3182,46,0,1,0,0,0,0,0,0,0,0,0,0,0,0,0,0,0,1,0,0,0,0,0,1,0,0,1,0
QUANGNAM,2004,5628,61.2,27.99,26.015,54,0,0,1,0,0,0,0,0,0,0,0,0,0,0,0,0,0,0,1,0,0,0,0,1,0,0,1,0
QUANGNAM,2004,850.2,26,28.005,23.9846,57,0,0,1,0,0,0,0,0,0,0,0,0,0,0,0,0,0,0,0,0,1,0,0,1,0,0,1,0
QUANGNAM,2004,1139.425,34.3588,26.92,21.2754,43,0,1,0,0,0,0,0,0,0,0,0,0,0,0,0,0,0,0,0,0,0,0,1,1,0,0,1,0
QUANGNAM,2004,4233,73.4,23.456,19.6038,20,0,0,0,1,0,1,0,0,0,0,0,0,0,0,0,0,0,0,0,0,0,0,0,0,0,1,0,0
QUANGNAM,2004,5628,61.2,23.348,16.2492,24,0,0,1,0,0,0,0,1,0,0,0,0,0,0,0,0,0,0,0,0,0,0,0,0,0,1,0,0
QUANGNAM,2004,862.3,29,23.486,14.6656,21,0,1,0,0,0,0,0,0,1,0,0,0,0,0,0,0,0,0,0,0,0,0,0,0,0,1,0,0
QUANGNAM,2004,1123.5,30.38,23.965,12.8052,60,0,0,1,0,0,0,0,0,0,1,0,0,0,0,0,0,0,0,0,0,0,0,0,0,0,1,0,0
QUANGNAM,2004,1011.88,27.44,23.6874,10.6622,35,0,1,0,0,0,0,0,0,0,0,1,0,0,0,0,0,0,0,0,0,0,0,0,0,0,1,0,0
QUANGNAM,2004,3111.44,58.9,23.645,9.7356,87,0,1,0,0,0,0,0,0,0,0,0,1,0,0,0,0,0,0,0,0,0,0,0,0,0,1,0,0
QUANGNAM,2004,230,26,24.5124,9.0222,48,0,0,1,0,0,0,0,0,0,0,0,0,1,0,0,0,0,0,0,0,0,0,0,0,0,1,0,0
QUANGNAM,2004,874,26.26,24.499,7.7904,39,0,0,1,0,0,0,0,0,0,0,0,0,0,0,1,0,0,0,0,0,0,0,0,0,0,1,0,0
QUANGNAM,2004,2871,29.4,23.954,7.4244,60,0,0,0,1,0,0,0,0,0,0,0,0,0,0,0,1,0,0,0,0,0,0,0,0,0,1,0,0
QUANGNAM,2004,13175,56,24.65,7.1936,49,0,0,1,0,0,0,0,0,0,0,0,0,0,0,0,0,1,0,0,0,0,0,0,0,0,1,0,0
QUANGNAM,2004,1440.5,27,24.1324,3.5496,45,0,0,1,0,0,0,0,0,0,0,0,0,0,0,0,0,0,0,0,1,0,0,0,0,0,1,0,0
QUANGNAM,2005,920,26,26.54,41.015,65,0,0,0,1,0,1,0,0,0,0,0,0,0,0,0,0,0,0,0,0,0,0,0,1,0,0,1,0
QUANGNAM,2005,2697,29.4,28.51,38.6254,59,0,0,1,0,0,0,1,0,0,0,0,0,0,0,0,0,0,0,0,0,0,0,0,1,0,0,1,0
QUANGNAM,2005,15035,61.6,29.19,36.0476,72,0,0,1,0,0,0,0,1,0,0,0,0,0,0,0,0,0,0,0,0,0,0,0,1,0,0,1,0
QUANGNAM,2005,341.868,60.76,27.4,34.5776,66,0,0,1,0,0,0,0,0,1,0,0,0,0,0,0,0,0,0,0,0,0,0,0,1,0,0,1,0
QUANGNAM,2005,296.335,60.5,27.87,31.9074,67,0,0,1,0,0,0,0,0,0,1,0,0,0,0,0,0,0,0,0,0,0,0,0,1,0,0,1,0
QUANGNAM,2005,1564.5,29,27.745,30.7878,62,0,0,1,0,0,0,0,0,0,0,0,1,0,0,0,0,0,0,0,0,0,0,0,1,0,0,1,0
QUANGNAM,2005,3962,62.5,27.223,29.2804,51,1,0,0,0,0,0,0,0,0,0,0,0,0,1,0,0,0,0,0,0,0,0,0,1,0,0,1,0
QUANGNAM,2005,4233,69.2,28.083,28.5188,70,0,0,1,0,0,0,0,0,0,0,0,0,0,0,0,0,1,0,0,0,0,0,0,1,0,0,1,0
QUANGNAM,2005,812.4,15.40778564,27.952,27.3182,65,0,1,0,0,0,0,0,0,0,0,0,0,0,0,0,0,0,1,0,0,0,0,0,1,0,0,1,0
QUANGNAM,2005,5742,64.08,28.77,25.9488,74,0,0,1,0,0,0,0,0,0,0,0,0,0,0,0,0,0,0,1,0,0,0,0,1,0,0,1,0
QUANGNAM,2005,823.2,27,27.765,23.8736,82,0,0,0,1,0,0,0,0,0,0,0,0,0,0,0,0,0,0,0,0,1,0,0,1,0,0,1,0
QUANGNAM,2005,1097.815,31.164,26.912,21.2754,64,0,0,1,0,0,0,0,0,0,0,0,0,0,0,0,0,0,0,0,0,0,0,1,1,0,0,1,0
QUANGNAM,2005,3901,65.2,22.8787,19.1486,36,0,0,0,1,0,1,0,0,0,0,0,0,0,0,0,0,0,0,0,0,0,0,0,0,0,1,0,0
QUANGNAM,2005,842.8,31,24.0125,14.6592,52,0,1,0,0,0,0,0,0,1,0,0,0,0,0,0,0,0,0,0,0,0,0,0,0,0,1,0,0
QUANGNAM,2005,1256.375,32.34,24.212,12.681,43,0,1,0,0,0,0,0,0,0,1,0,0,0,0,0,0,0,0,0,0,0,0,0,0,0,1,0,0
QUANGNAM,2005,1403.654,25.48,24.213,10.0562,40,0,1,0,0,0,0,0,0,0,0,1,0,0,0,0,0,0,0,0,0,0,0,0,0,0,1,0,0
QUANGNAM,2005,3251.28,50.84,23.847,9.5166,20,0,1,0,0,0,0,0,0,0,0,0,1,0,0,0,0,0,0,0,0,0,0,0,0,0,1,0,0
QUANGNAM,2005,818.8,25.74,23.9898,7.7904,21,0,0,0,1,0,0,0,0,0,0,0,0,0,0,1,0,0,0,0,0,0,0,0,0,0,1,0,0
QUANGNAM,2005,13795,53.2,25.0012,7.1936,60,0,1,0,0,0,0,0,0,0,0,0,0,0,0,0,0,1,0,0,0,0,0,0,0,0,1,0,0
QUANGNAM,2005,341.868,50.84,23.456,5.2844,43,0,1,0,0,0,0,0,0,0,0,0,0,0,0,0,0,0,1,0,0,0,0,0,0,0,1,0,0
QUANGNAM,2005,302.445,53.9,23.146,4.319,45,0,1,0,0,0,0,0,0,0,0,0,0,0,0,0,0,0,0,1,0,0,0,0,0,0,1,0,0
QUANGNAM,2005,1230.5,28.4,24.5774,3.5496,84,0,0,1,0,0,0,0,0,0,0,0,0,0,0,0,0,0,0,0,1,0,0,0,0,0,1,0,0
QUANGNAM,2006,1440.5,27,22.8787,256.748,36,0,0,0,1,0,1,0,0,0,0,0,0,0,0,0,0,0,0,0,0,0,0,0,0,1,0,0,1
QUANGNAM,2006,823.2,19.08275736,23.864,218.618,39,0,0,1,0,0,0,0,0,1,0,0,0,0,0,0,0,0,0,0,0,0,0,0,0,1,0,0,1
QUANGNAM,2006,5392,70.56,23.96683,184.183,44,0,1,0,0,0,0,0,0,0,1,0,0,0,0,0,0,0,0,0,0,0,0,0,0,1,0,0,1
QUANGNAM,2006,739.4079822,33.5079146,24.004,166.506,4,0,1,0,0,0,0,0,0,0,0,1,0,0,0,0,0,0,0,0,0,0,0,0,0,1,0,0,1
QUANGNAM,2006,1403.654,25.48,24.1724,150.109,23,0,0,1,0,0,0,0,0,0,0,0,0,1,0,0,0,0,0,0,0,0,0,0,0,1,0,0,1
QUANGNAM,2006,1368.475,26.46,22.9996,134.234,23,0,0,0,1,0,0,0,0,0,0,0,0,0,1,0,0,0,0,0,0,0,0,0,0,1,0,0,1
QUANGNAM,2006,3461.04,60.76,24.8906,118.311,29,0,0,0,1,0,0,0,0,0,0,0,0,0,0,1,0,0,0,0,0,0,0,0,0,1,0,0,1
QUANGNAM,2006,20900,28,24.7984,102.522,39,0,1,0,0,0,0,0,0,0,0,0,0,0,0,0,0,1,0,0,0,0,0,0,0,1,0,0,1
QUANGNAM,2006,6556.77,54.978,23.7566,79.776,65,0,1,0,0,0,0,0,0,0,0,0,0,0,0,0,0,0,1,0,0,0,0,0,0,1,0,0,1
QUANGNAM,2006,910.8,25.48,24.437,57.9916,37,0,1,0,0,0,0,0,0,0,0,0,0,0,0,0,0,0,0,1,0,0,0,0,0,1,0,0,1
QUANGNAM,2006,2871,29.4,24.6848,51.1382,45,0,0,1,0,0,0,0,0,0,0,0,0,0,0,0,0,0,0,0,1,0,0,0,0,1,0,0,1
QUANGNAM,2006,15345,54.88,24.8558,46.7888,65,0,0,1,0,0,0,0,0,0,0,0,0,0,0,0,0,0,0,0,0,1,0,0,0,1,0,0,1
QUANGNAM,2006,855.6,25.48,25.39,40.844,47,0,0,0,1,0,1,0,0,0,0,0,0,0,0,0,0,0,0,0,0,0,0,0,1,0,0,1,0
QUANGNAM,2006,15500,43.68,27.23,36.0476,58,0,0,1,0,0,0,0,1,0,0,0,0,0,0,0,0,0,0,0,0,0,0,0,1,0,0,1,0
QUANGNAM,2006,356.572,68.2,26.13,34.3864,70,0,0,1,0,0,0,0,0,1,0,0,0,0,0,0,0,0,0,0,0,0,0,0,1,0,0,1,0
QUANGNAM,2006,305.5,42.9,26.48,31.9074,62,0,0,1,0,0,0,0,0,0,1,0,0,0,0,0,0,0,0,0,0,0,0,0,1,0,0,1,0
QUANGNAM,2006,1123.5,31,26.636,30.1252,72,0,1,0,0,0,0,0,0,0,0,0,1,0,0,0,0,0,0,0,0,0,0,0,1,0,0,1,0
QUANGNAM,2006,3524,49.9,26.271,29.0894,70,0,0,0,1,0,0,0,0,0,0,0,0,0,1,0,0,0,0,0,0,0,0,0,1,0,0,1,0
QUANGNAM,2006,3544,70.2,27.48,28.5188,66,0,0,1,0,0,0,0,0,0,0,0,0,0,0,0,0,1,0,0,0,0,0,0,1,0,0,1,0
QUANGNAM,2006,821.2,13.71292922,26.341,27.0536,75,0,1,0,0,0,0,0,0,0,0,0,0,0,0,0,0,0,1,0,0,0,0,0,1,0,0,1,0
QUANGNAM,2006,5327,66.96,26.63,25.9488,64,0,0,1,0,0,0,0,0,0,0,0,0,0,0,0,0,0,0,1,0,0,0,0,1,0,0,1,0
QUANGNAM,2006,867.2,28.4,27,23.8736,77,0,0,1,0,0,0,0,0,0,0,0,0,0,0,0,0,0,0,0,0,1,0,0,1,0,0,1,0
QUANGNAM,2006,4123,72.5,22.7811,19.1486,43,0,0,0,1,0,1,0,0,0,0,0,0,0,0,0,0,0,0,0,0,0,0,0,0,0,1,0,0
QUANGNAM,2006,821.2,13.71292922,23.456,17.622,36,0,0,1,0,0,0,1,0,0,0,0,0,0,0,0,0,0,0,0,0,0,0,0,0,0,1,0,0
QUANGNAM,2006,800,33,23.874,14.6592,24,0,0,1,0,0,0,0,0,1,0,0,0,0,0,0,0,0,0,0,0,0,0,0,0,0,1,0,0
QUANGNAM,2006,1011.88,27.44,24.312,12.681,24,0,0,1,0,0,0,0,0,0,1,0,0,0,0,0,0,0,0,0,0,0,0,0,0,0,1,0,0
QUANGNAM,2006,1368.475,26.46,23.698,10.0562,35,0,0,1,0,0,0,0,0,0,0,1,0,0,0,0,0,0,0,0,0,0,0,0,0,0,1,0,0
QUANGNAM,2006,23300,28.4,23.969,8.886,51,0,0,1,0,0,0,0,0,0,0,0,0,1,0,0,0,0,0,0,0,0,0,0,0,0,1,0,0
QUANGNAM,2006,901.6,22.1,24.6558,7.7184,52,0,0,1,0,0,0,0,0,0,0,0,0,0,0,1,0,0,0,0,0,0,0,0,0,0,1,0,0
QUANGNAM,2006,14415,45.92,24.958,6.954,34,0,0,1,0,0,0,0,0,0,0,0,0,0,0,0,0,1,0,0,0,0,0,0,0,0,1,0,0
QUANGNAM,2006,1540.5,32.78,24.0086,3.4646,53,0,1,0,0,0,0,0,0,0,0,0,0,0,0,0,0,0,0,0,1,0,0,0,0,0,1,0,0
QUANGNAM,2007,1230.5,28.4,22.7811,255.799,43,0,0,0,1,0,1,0,0,0,0,0,0,0,0,0,0,0,0,0,0,0,0,0,0,1,0,0,1
QUANGNAM,2007,867.2,18.1286195,23.486,214.459,21,0,1,0,0,0,0,0,0,1,0,0,0,0,0,0,0,0,0,0,0,0,0,0,0,1,0,0,1
QUANGNAM,2007,5748,68.4,24.1122,183.235,30,0,0,1,0,0,0,0,0,0,1,0,0,0,0,0,0,0,0,0,0,0,0,0,0,1,0,0,1
QUANGNAM,2007,1368.475,26.46,24.5316,146.649,50,0,0,1,0,0,0,0,0,0,0,0,0,1,0,0,0,0,0,0,0,0,0,0,0,1,0,0,1
QUANGNAM,2007,230,26,24.8714,100.901,41,0,1,0,0,0,0,0,0,0,0,0,0,0,0,0,0,1,0,0,0,0,0,0,0,1,0,0,1
QUANGNAM,2007,6623,53.295,23.5421,71.054,40,0,1,0,0,0,0,0,0,0,0,0,0,0,0,0,0,0,1,0,0,0,0,0,0,1,0,0,1
QUANGNAM,2007,920,24.7,24.6554,57.9916,74,0,1,0,0,0,0,0,0,0,0,0,0,0,0,0,0,0,0,1,0,0,0,0,0,1,0,0,1
QUANGNAM,2007,2900,28.5,24.5968,50.4328,65,0,1,0,0,0,0,0,0,0,0,0,0,0,0,0,0,0,0,0,1,0,0,0,0,1,0,0,1
QUANGNAM,2007,15500,53.2,24.855,46.7888,40,0,1,0,0,0,0,0,0,0,0,0,0,0,0,0,0,0,0,0,0,1,0,0,0,1,0,0,1
QUANGNAM,2007,305.5,52.25,23.9824,42.4738,65,0,0,1,0,0,0,0,0,0,0,0,0,0,0,0,0,0,0,0,0,0,0,1,0,1,0,0,1
QUANGNAM,2007,892.4,28.6,27.68,40.844,66,0,0,0,1,0,1,0,0,0,0,0,0,0,0,0,0,0,0,0,0,0,0,0,1,0,0,1,0
QUANGNAM,2007,2900,23.4,29.16,38.3356,50,0,0,1,0,0,0,1,0,0,0,0,0,0,0,0,0,0,0,0,0,0,0,0,1,0,0,1,0
QUANGNAM,2007,15345,48.72,29.84,35.9682,31,0,0,1,0,0,0,0,1,0,0,0,0,0,0,0,0,0,0,0,0,0,0,0,1,0,0,1,0
QUANGNAM,2007,367.6,48.36,28.33,34.3864,63,0,0,1,0,0,0,0,0,1,0,0,0,0,0,0,0,0,0,0,0,0,0,0,1,0,0,1,0
QUANGNAM,2007,302.445,47.85,27.12,31.903,57,0,0,1,0,0,0,0,0,0,1,0,0,0,0,0,0,0,0,0,0,0,0,0,1,0,0,1,0
QUANGNAM,2007,2636,59.6,27.76,29.0894,71,0,0,0,1,0,0,0,0,0,0,0,0,0,1,0,0,0,0,0,0,0,0,0,1,0,0,1,0
QUANGNAM,2007,4534,77.2,29,28.1252,46,0,0,1,0,0,0,0,0,0,0,0,0,0,0,0,0,1,0,0,0,0,0,0,1,0,0,1,0
QUANGNAM,2007,5647,71.28,29,25.584,55,0,0,1,0,0,0,0,0,0,0,0,0,0,0,0,0,0,0,1,0,0,0,0,1,0,0,1,0
QUANGNAM,2007,845.5,32.78,29.293,23.7362,54,0,0,0,1,0,0,0,0,0,0,0,0,0,0,0,0,0,0,0,0,1,0,0,1,0,0,1,0
QUANGNAM,2007,1060.665,32.34,27.223,20.8014,54,0,1,0,0,0,0,0,0,0,0,0,0,0,0,0,0,0,0,0,0,0,0,1,1,0,0,1,0
QUANGNAM,2007,4425,72.9,23.111,19.1342,54,0,1,0,0,0,1,0,0,0,0,0,0,0,0,0,0,0,0,0,0,0,0,0,0,0,1,0,0
QUANGNAM,2007,825.3,28,24.124,14.6522,42,0,1,0,0,0,0,0,0,1,0,0,0,0,0,0,0,0,0,0,0,0,0,0,0,0,1,0,0
QUANGNAM,2007,1403.654,25.48,23.964,12.324,42,0,1,0,0,0,0,0,0,0,1,0,0,0,0,0,0,0,0,0,0,0,0,0,0,0,1,0,0
QUANGNAM,2007,3496,58.9,24.351,9.5166,43,0,1,0,0,0,0,0,0,0,0,0,1,0,0,0,0,0,0,0,0,0,0,0,0,0,1,0,0
QUANGNAM,2007,15345,54.88,24.317,6.954,41,0,1,0,0,0,0,0,0,0,0,0,0,0,0,0,0,1,0,0,0,0,0,0,0,0,1,0,0
QUANGNAM,2007,1340.5,35.06,24.654,3.4646,45,0,1,0,0,0,0,0,0,0,0,0,0,0,0,0,0,0,0,0,1,0,0,0,0,0,1,0,0
QUANGNAM,2008,1540.5,32.78,23.111,255.257,54,0,1,0,0,0,1,0,0,0,0,0,0,0,0,0,0,0,0,0,0,0,0,0,0,1,0,0,1
QUANGNAM,2008,2645,65.2,23.456,236.094,36,0,0,1,0,0,0,1,0,0,0,0,0,0,0,0,0,0,0,0,0,0,0,0,0,1,0,0,1
QUANGNAM,2008,845.5,18.30990569,24.0125,213.733,52,0,1,0,0,0,0,0,0,1,0,0,0,0,0,0,0,0,0,0,0,0,0,0,0,1,0,0,1
QUANGNAM,2008,5700,72.72,23.965,179.964,60,0,0,1,0,0,0,0,0,0,1,0,0,0,0,0,0,0,0,0,0,0,0,0,0,1,0,0,1
QUANGNAM,2008,845.5,32.78,23.564,158.94,85,0,1,0,0,0,0,0,0,0,0,0,1,0,0,0,0,0,0,0,0,0,0,0,0,1,0,0,1
QUANGNAM,2008,1242.805,27.832,24.4052,145.71,47,0,0,0,1,0,0,0,0,0,0,0,0,1,0,0,0,0,0,0,0,0,0,0,0,1,0,0,1
QUANGNAM,2008,1525.095,32.1244,22.546,133.686,47,0,0,0,1,0,0,0,0,0,0,0,0,0,1,0,0,0,0,0,0,0,0,0,0,1,0,0,1
QUANGNAM,2008,3321.2,62.62,24.3958,117.923,33,0,0,0,1,0,0,0,0,0,0,0,0,0,0,1,0,0,0,0,0,0,0,0,0,1,0,0,1
QUANGNAM,2008,21300,27,24.65,97.13,49,0,0,1,0,0,0,0,0,0,0,0,0,0,0,0,0,1,0,0,0,0,0,0,0,1,0,0,1
QUANGNAM,2008,2755,30.3,24.1324,50.4328,45,0,0,1,0,0,0,0,0,0,0,0,0,0,0,0,0,0,0,0,1,0,0,0,0,1,0,0,1
QUANGNAM,2008,14725,56.56,24.7532,45.2892,58,0,0,1,0,0,0,0,0,0,0,0,0,0,0,0,0,0,0,0,0,1,0,0,0,1,0,0,1
QUANGNAM,2008,349.22,62.62,24.686,43.204,65,0,0,1,0,0,0,0,0,0,0,0,0,0,0,0,0,0,0,0,0,0,1,0,0,1,0,0,1
QUANGNAM,2008,290.225,55.55,24.3828,42.3484,84,0,1,0,0,0,0,0,0,0,0,0,0,0,0,0,0,0,0,0,0,0,0,1,0,1,0,0,1
QUANGNAM,2008,920,20.28,26.14,40.453,60,0,0,0,1,0,1,0,0,0,0,0,0,0,0,0,0,0,0,0,0,0,0,0,1,0,0,1,0
QUANGNAM,2008,2871,26.1,28.3,38.3356,57,0,0,1,0,0,0,1,0,0,0,0,0,0,0,0,0,0,0,0,0,0,0,0,1,0,0,1,0
QUANGNAM,2008,13175,56,29.1,35.9682,61,0,1,0,0,0,0,0,1,0,0,0,0,0,0,0,0,0,0,0,0,0,0,0,1,0,0,1,0
QUANGNAM,2008,363.924,53.94,32,34.3248,57,0,0,1,0,0,0,0,0,1,0,0,0,0,0,0,0,0,0,0,0,0,0,0,1,0,0,1,0
QUANGNAM,2008,259.675,55,28.3,31.903,81,0,0,1,0,0,0,0,0,0,1,0,0,0,0,0,0,0,0,0,0,0,0,0,1,0,0,1,0
QUANGNAM,2008,1234,28,27.558,30.1252,78,0,0,1,0,0,0,0,0,0,0,0,1,0,0,0,0,0,0,0,0,0,0,0,1,0,0,1,0
QUANGNAM,2008,3625,45.8,26.79,29.0668,67,0,0,0,1,0,0,0,0,0,0,0,0,0,1,0,0,0,0,0,0,0,0,0,1,0,0,1,0
QUANGNAM,2008,845,34.17,27.002,28.1252,72,0,0,1,0,0,0,0,0,0,0,0,0,0,0,0,0,1,0,0,0,0,0,0,1,0,0,1,0
QUANGNAM,2008,823.5,12.62549393,28.42,27.0536,52,0,0,1,0,0,0,0,0,0,0,0,0,0,0,0,0,0,1,0,0,0,0,0,1,0,0,1,0
QUANGNAM,2008,5462,72,28.02,25.584,64,0,0,1,0,0,0,0,0,0,0,0,0,0,0,0,0,0,0,1,0,0,0,0,1,0,0,1,0
QUANGNAM,2008,839.1,35.06,28.302,23.7362,48,0,0,0,1,0,0,0,0,0,0,0,0,0,0,0,0,0,0,0,0,1,0,0,1,0,0,1,0
QUANGNAM,2008,1327.095,28.42,27.7,20.8014,50,0,0,1,0,0,0,0,0,0,0,0,0,0,0,0,0,0,0,0,0,0,0,1,1,0,0,1,0
QUANGNAM,2008,4233,69.2,22.3211,19.1342,33,0,0,0,1,0,1,0,0,0,0,0,0,0,0,0,0,0,0,0,0,0,0,0,0,0,1,0,0
QUANGNAM,2008,850.2,26,23.6541,14.6522,48,0,0,1,0,0,0,0,0,1,0,0,0,0,0,0,0,0,0,0,0,0,0,0,0,0,1,0,0
QUANGNAM,2008,1368.475,26.46,23.456,12.324,58,0,1,0,0,0,0,0,0,0,1,0,0,0,0,0,0,0,0,0,0,0,0,0,0,0,1,0,0
QUANGNAM,2008,1242.805,27.832,23.956,10.046,26,0,1,0,0,0,0,0,0,0,0,1,0,0,0,0,0,0,0,0,0,0,0,0,0,0,1,0,0
QUANGNAM,2008,3321.2,62.62,23.598,9.4964,54,0,1,0,0,0,0,0,0,0,0,0,1,0,0,0,0,0,0,0,0,0,0,0,0,0,1,0,0
QUANGNAM,2008,2581,29.7,23.5128,7.4244,30,0,0,0,1,0,0,0,0,0,0,0,0,0,0,0,1,0,0,0,0,0,0,0,0,0,1,0,0
QUANGNAM,2008,15500,53.2,24.985,6.0844,36,0,0,1,0,0,0,0,0,0,0,0,0,0,0,0,0,1,0,0,0,0,0,0,0,0,1,0,0
QUANGNAM,2008,349.22,62.62,23.3424,5.213,43,0,1,0,0,0,0,0,0,0,0,0,0,0,0,0,0,0,1,0,0,0,0,0,0,0,1,0,0
QUANGNAM,2008,271.895,54.45,23.8436,4.319,35,0,1,0,0,0,0,0,0,0,0,0,0,0,0,0,0,0,0,1,0,0,0,0,0,0,1,0,0
QUANGNAM,2008,1233.5,31.8,24.6848,3.185,43,0,0,1,0,0,0,0,0,0,0,0,0,0,0,0,0,0,0,0,1,0,0,0,0,0,1,0,0
QUANGNAM,2009,1340.5,35.06,22.3211,255.032,33,0,0,0,1,0,1,0,0,0,0,0,0,0,0,0,0,0,0,0,0,0,0,0,0,1,0,0,1
QUANGNAM,2009,839.1,18.12680663,23.874,212.068,24,0,0,1,0,0,0,0,0,1,0,0,0,0,0,0,0,0,0,0,0,0,0,0,0,1,0,0,1
QUANGNAM,2009,5102,71.28,24.212,179.562,43,0,1,0,0,0,0,0,0,0,1,0,0,0,0,0,0,0,0,0,0,0,0,0,0,1,0,0,1
QUANGNAM,2009,839.1,35.06,23.645,158.635,87,0,1,0,0,0,0,0,0,0,0,0,1,0,0,0,0,0,0,0,0,0,0,0,0,1,0,0,1
QUANGNAM,2009,3111.44,61.38,24.499,116.792,39,0,0,1,0,0,0,0,0,0,0,0,0,0,0,1,0,0,0,0,0,0,0,0,0,1,0,0,1
QUANGNAM,2009,23300,28.4,24.958,96.984,34,0,0,1,0,0,0,0,0,0,0,0,0,0,0,0,0,1,0,0,0,0,0,0,0,1,0,0,1
QUANGNAM,2009,2581,29.7,24.0086,50.2822,53,0,1,0,0,0,0,0,0,0,0,0,0,0,0,0,0,0,0,0,1,0,0,0,0,1,0,0,1
QUANGNAM,2009,327.164,61.38,24.652,43.103,42,0,0,1,0,0,0,0,0,0,0,0,0,0,0,0,0,0,0,0,0,0,1,0,0,1,0,0,1
QUANGNAM,2009,271.895,54.45,23.616,42.3484,53,0,0,1,0,0,0,0,0,0,0,0,0,0,0,0,0,0,0,0,0,0,0,1,0,1,0,0,1
QUANGNAM,2009,910.8,22.62,27.3,40.1908,81,0,1,0,0,0,1,0,0,0,0,0,0,0,0,0,0,0,0,0,0,0,0,0,1,0,0,1,0
QUANGNAM,2009,13795,53.2,27.993,35.733,63,0,0,1,0,0,0,0,1,0,0,0,0,0,0,0,0,0,0,0,0,0,0,0,1,0,0,1,0
QUANGNAM,2009,312.46,62,26.62,34.3248,61,0,0,0,0,1,0,0,0,1,0,0,0,0,0,0,0,0,0,0,0,0,0,0,1,0,0,1,0
QUANGNAM,2009,271.895,52.25,26.67,31.5016,81,0,0,1,0,0,0,0,0,0,1,0,0,0,0,0,0,0,0,0,0,0,0,0,1,0,0,1,0
QUANGNAM,2009,2648,60.4,26.612,29.0668,53,1,0,0,0,0,0,0,0,0,0,0,0,0,1,0,0,0,0,0,0,0,0,0,1,0,0,1,0
QUANGNAM,2009,832.4,33.4866,27.276,28.1178,43,0,0,1,0,0,0,0,0,0,0,0,0,0,0,0,0,1,0,0,0,0,0,0,1,0,0,1,0
QUANGNAM,2009,1324,60,27.21,25.3784,63,0,0,1,0,0,0,0,0,0,0,0,0,0,0,0,0,0,0,1,0,0,0,0,1,0,0,1,0
QUANGNAM,2009,812.4,31.8,27.531,23.734,45,0,0,1,0,0,0,0,0,0,0,0,0,0,0,0,0,0,0,0,0,1,0,0,1,0,0,1,0
QUANGNAM,2009,3544,70.2,22.3564,19.1208,52,0,0,0,1,0,1,0,0,0,0,0,0,0,0,0,0,0,0,0,0,0,0,0,0,0,1,0,0
QUANGNAM,2009,845.1,12.62549393,24.11,17.4534,38,0,0,1,0,0,0,1,0,0,0,0,0,0,0,0,0,0,0,0,0,0,0,0,0,0,1,0,0
QUANGNAM,2009,5462,72,24.2225,15.8218,51,0,0,1,0,0,0,0,1,0,0,0,0,0,0,0,0,0,0,0,0,0,0,0,0,0,1,0,0
QUANGNAM,2009,823.2,27,23.4568,14.4458,31,0,0,1,0,0,0,0,0,1,0,0,0,0,0,0,0,0,0,0,0,0,0,0,0,0,1,0,0
QUANGNAM,2009,1242.805,27.832,23.756,11.8062,20,0,1,0,0,0,0,0,0,0,1,0,0,0,0,0,0,0,0,0,0,0,0,0,0,0,1,0,0
QUANGNAM,2009,1525.095,32.1244,23.9487,9.9302,34,0,1,0,0,0,0,0,0,0,0,1,0,0,0,0,0,0,0,0,0,0,0,0,0,0,1,0,0
QUANGNAM,2009,3111.44,61.38,23.958,9.4964,33,0,1,0,0,0,0,0,0,0,0,0,1,0,0,0,0,0,0,0,0,0,0,0,0,0,1,0,0
QUANGNAM,2009,21700,35.06,24.8575,8.886,35,0,0,0,1,0,0,0,0,0,0,0,0,1,0,0,0,0,0,0,0,0,0,0,0,0,1,0,0
QUANGNAM,2009,6689.23,52.173,22.789,8.3732,35,0,0,0,1,0,0,0,0,0,0,0,0,0,1,0,0,0,0,0,0,0,0,0,0,0,1,0,0
QUANGNAM,2009,929.2,24.18,24.7492,7.7184,42,0,0,1,0,0,0,0,0,0,0,0,0,0,0,1,0,0,0,0,0,0,0,0,0,0,1,0,0
QUANGNAM,2009,14725,56.56,24.627,6.0844,4,0,0,1,0,0,0,0,0,0,0,0,0,0,0,0,0,1,0,0,0,0,0,0,0,0,1,0,0
QUANGNAM,2009,327.164,61.38,23.4468,5.213,84,0,0,1,0,0,0,0,0,0,0,0,0,0,0,0,0,0,1,0,0,0,0,0,0,0,1,0,0
QUANGNAM,2009,299.39,46.75,23.8246,4.2564,45,0,0,1,0,0,0,0,0,0,0,0,0,0,0,0,0,0,0,1,0,0,0,0,0,0,1,0,0
QUANGNAM,2009,1140.5,33,24.151,3.185,66,0,0,1,0,0,0,0,0,0,0,0,0,0,0,0,0,0,0,0,1,0,0,0,0,0,1,0,0
QUANGNAM,2010,1233.5,31.8,22.3564,254.845,52,0,0,0,1,0,1,0,0,0,0,0,0,0,0,0,0,0,0,0,0,0,0,0,0,1,0,0,1
QUANGNAM,2010,4233,69.2,24.2334,229.106,30,0,0,1,0,0,0,0,1,0,0,0,0,0,0,0,0,0,0,0,0,0,0,0,0,1,0,0,1
QUANGNAM,2010,812.4,15.40778564,24.124,211.32,42,0,1,0,0,0,0,0,0,1,0,0,0,0,0,0,0,0,0,0,0,0,0,0,0,1,0,0,1
QUANGNAM,2010,5628,61.2,24.312,179.184,24,0,0,1,0,0,0,0,0,0,1,0,0,0,0,0,0,0,0,0,0,0,0,0,0,1,0,0,1
QUANGNAM,2010,1139.425,34.3588,24.5124,143.606,48,0,0,1,0,0,0,0,0,0,0,0,0,1,0,0,0,0,0,0,0,0,0,0,0,1,0,0,1
QUANGNAM,2010,3426.08,52.7,24.6558,116.511,52,0,0,1,0,0,0,0,0,0,0,0,0,0,0,1,0,0,0,0,0,0,0,0,0,1,0,0,1
QUANGNAM,2010,26500,32.78,24.317,96.212,41,0,1,0,0,0,0,0,0,0,0,0,0,0,0,0,0,1,0,0,0,0,0,0,0,1,0,0,1
QUANGNAM,2010,2842,25.5,24.654,50.2822,45,0,1,0,0,0,0,0,0,0,0,0,0,0,0,0,0,0,0,0,1,0,0,0,0,1,0,0,1
QUANGNAM,2010,299.39,46.75,24.3758,42.34,45,0,0,1,0,0,0,0,0,0,0,0,0,0,0,0,0,0,0,0,0,0,0,1,0,1,0,0,1
QUANGNAM,2010,782,26,25.9,40.0424,57,0,0,0,1,0,1,0,0,0,0,0,0,0,0,0,0,0,0,0,0,0,0,0,1,0,0,1,0
QUANGNAM,2010,14415,45.92,29.86,35.733,36,0,1,0,0,0,0,0,1,0,0,0,0,0,0,0,0,0,0,0,0,0,0,0,1,0,0,1,0
QUANGNAM,2010,327.164,58.9,27.99,33.746,78,0,0,0,0,1,0,0,0,1,0,0,0,0,0,0,0,0,0,0,0,0,0,0,1,0,0,1,0
QUANGNAM,2010,284.115,45.1,27.53,31.5016,60,0,0,1,0,0,0,0,0,0,1,0,0,0,0,0,0,0,0,0,0,0,0,0,1,0,0,1,0
QUANGNAM,2010,2645,65.2,28.404,28.7518,72,0,0,0,1,0,0,0,0,0,0,0,0,0,1,0,0,0,0,0,0,0,0,0,1,0,0,1,0
QUANGNAM,2010,832.4,36.83526,27.376,28.1178,43,0,0,1,0,0,0,0,0,0,0,0,0,0,0,0,0,1,0,0,0,0,0,0,1,0,0,1,0
QUANGNAM,2010,5700,72,29.127,26.9422,67,0,1,0,0,0,0,0,0,0,0,0,0,0,0,0,0,0,1,0,0,0,0,0,1,0,0,1,0
QUANGNAM,2010,1297.52,58.8,29.301,25.3784,55,0,0,1,0,0,0,0,0,0,0,0,0,0,0,0,0,0,0,1,0,0,0,0,1,0,0,1,0
QUANGNAM,2010,821.2,33,27.953,23.4982,68,0,0,0,1,0,0,0,0,0,0,0,0,0,0,0,0,0,0,0,0,1,0,0,1,0,0,1,0
QUANGNAM,2010,4534,77.2,23.1456,19.1208,80,0,0,0,1,0,1,0,0,0,0,0,0,0,0,0,0,0,0,0,0,0,0,0,0,0,1,0,0
QUANGNAM,2010,5700,72,23.654,16.875,44,0,0,1,0,0,0,1,0,0,0,0,0,0,0,0,0,0,0,0,0,0,0,0,0,0,1,0,0
QUANGNAM,2010,867.2,28.4,23.89456,14.4458,29,0,1,0,0,0,0,0,0,1,0,0,0,0,0,0,0,0,0,0,0,0,0,0,0,0,1,0,0
QUANGNAM,2010,1525.095,32.1244,24.946,11.8062,53,0,0,1,0,0,0,0,0,0,1,0,0,0,0,0,0,0,0,0,0,0,0,0,0,0,1,0,0
QUANGNAM,2010,1139.425,34.3588,24.0121,9.887,35,0,0,1,0,0,0,0,0,0,0,1,0,0,0,0,0,0,0,0,0,0,0,0,0,0,1,0,0
QUANGNAM,2010,3426.08,52.7,23.456,9.4574,52,0,1,0,0,0,0,0,0,0,0,0,1,0,0,0,0,0,0,0,0,0,0,0,0,0,1,0,0
QUANGNAM,2010,24900,31.8,24.5462,8.7838,51,0,0,1,0,0,0,0,0,0,0,0,0,1,0,0,0,0,0,0,0,0,0,0,0,0,1,0,0
QUANGNAM,2010,910.8,25.74,23.546,7.6494,48,0,0,0,1,0,0,0,0,0,0,0,0,0,0,1,0,0,0,0,0,0,0,0,0,0,1,0,0
QUANGNAM,2010,13795,55.44,24.7466,5.9785,43,0,0,1,0,0,0,0,0,0,0,0,0,0,0,0,0,1,0,0,0,0,0,0,0,0,1,0,0
QUANGNAM,2010,1340.5,29,24.352,3.0964,22,0,1,0,0,0,0,0,0,0,0,0,0,0,0,0,0,0,0,0,1,0,0,0,0,0,1,0,0
QUANGNAM,2011,1140.5,33,23.1456,254.841,80,0,0,0,1,0,1,0,0,0,0,0,0,0,0,0,0,0,0,0,0,0,0,0,0,1,0,0,1
QUANGNAM,2011,2573,56.7,24.11,235.287,38,0,0,1,0,0,0,1,0,0,0,0,0,0,0,0,0,0,0,0,0,0,0,0,0,1,0,0,1
QUANGNAM,2011,821.2,13.71292922,23.6541,211.155,48,0,0,1,0,0,0,0,0,1,0,0,0,0,0,0,0,0,0,0,0,0,0,0,0,1,0,0,1
QUANGNAM,2011,5742,64.08,23.964,177.96,42,0,1,0,0,0,0,0,0,0,1,0,0,0,0,0,0,0,0,0,0,0,0,0,0,1,0,0,1
QUANGNAM,2011,821.2,33,24.351,156.399,43,0,1,0,0,0,0,0,0,0,0,0,1,0,0,0,0,0,0,0,0,0,0,0,0,1,0,0,1
QUANGNAM,2011,1097.815,31.164,23.969,143.288,51,0,0,1,0,0,0,0,0,0,0,0,0,1,0,0,0,0,0,0,0,0,0,0,0,1,0,0,1
QUANGNAM,2011,21700,35.06,24.985,94.738,36,0,0,1,0,0,0,0,0,0,0,0,0,0,0,0,0,1,0,0,0,0,0,0,0,1,0,0,1
QUANGNAM,2011,6291.85,49.929,23.3424,69.595,43,0,1,0,0,0,0,0,0,0,0,0,0,0,0,0,0,0,1,0,0,0,0,0,0,1,0,0,1
QUANGNAM,2011,874,23.14,23.8436,55.902,35,0,1,0,0,0,0,0,0,0,0,0,0,0,0,0,0,0,0,1,0,0,0,0,0,1,0,0,1
QUANGNAM,2011,2755,26.7,24.6848,50.226,43,0,0,1,0,0,0,0,0,0,0,0,0,0,0,0,0,0,0,0,1,0,0,0,0,1,0,0,1
QUANGNAM,2011,349.22,55.18,23.9426,43.0968,35,0,0,1,0,0,0,0,0,0,0,0,0,0,0,0,0,0,0,0,0,0,1,0,0,1,0,0,1
QUANGNAM,2011,290.225,48.95,23.9694,42.34,43,0,1,0,0,0,0,0,0,0,0,0,0,0,0,0,0,0,0,0,0,0,0,1,0,1,0,0,1
QUANGNAM,2011,818.8,24.7,25.78,40.0424,74,0,1,0,0,0,1,0,0,0,0,0,0,0,0,0,0,0,0,0,0,0,0,0,1,0,0,1,0
QUANGNAM,2011,15345,54.88,27.77,35.6744,45,0,1,0,0,0,0,0,1,0,0,0,0,0,0,0,0,0,0,0,0,0,0,0,1,0,0,1,0
QUANGNAM,2011,341.868,50.84,26.49,33.746,54,0,0,1,0,0,0,0,0,1,0,0,0,0,0,0,0,0,0,0,0,0,0,0,1,0,0,1,0
QUANGNAM,2011,302.445,53.9,26.4,31.4254,68,0,0,1,0,0,0,0,0,0,1,0,0,0,0,0,0,0,0,0,0,0,0,0,1,0,0,1,0
QUANGNAM,2011,1230.5,28.4,26.598,29.9464,75,0,1,0,0,0,0,0,0,0,0,0,1,0,0,0,0,0,0,0,0,0,0,0,1,0,0,1,0
QUANGNAM,2011,862.3,28.7315028,27.344,27.8136,54,0,0,1,0,0,0,0,0,0,0,0,0,0,0,0,0,1,0,0,0,0,0,0,1,0,0,1,0
QUANGNAM,2011,5602,70.56,27.3213,26.9422,46,0,0,1,0,0,0,0,0,0,0,0,0,0,0,0,0,0,1,0,0,0,0,0,1,0,0,1,0
QUANGNAM,2011,1427.272,64.68,26.496,25.121,72,0,0,1,0,0,0,0,0,0,0,0,0,0,0,0,0,0,0,1,0,0,0,0,1,0,0,1,0
QUANGNAM,2011,846.8,29,26.873,23.4982,50,0,0,1,0,0,0,0,0,0,0,0,0,0,0,0,0,0,0,0,0,1,0,0,1,0,0,1,0
QUANGNAM,2011,845,34.17,23.6523,18.5116,79,0,0,0,1,0,1,0,0,0,0,0,0,0,0,0,0,0,0,0,0,0,0,0,0,0,1,0,0
QUANGNAM,2011,5602,70.56,23.842,16.5566,44,0,0,1,0,0,0,1,0,0,0,0,0,0,0,0,0,0,0,0,0,0,0,0,0,0,1,0,0
QUANGNAM,2011,845.5,32.78,24.435,14.398,33,0,1,0,0,0,0,0,0,1,0,0,0,0,0,0,0,0,0,0,0,0,0,0,0,0,1,0,0
QUANGNAM,2011,1139.425,34.3588,24.5384,11.5688,32,0,1,0,0,0,0,0,0,0,1,0,0,0,0,0,0,0,0,0,0,0,0,0,0,0,1,0,0
QUANGNAM,2011,1097.815,31.164,24.1121,9.887,45,0,1,0,0,0,0,0,0,0,0,1,0,0,0,0,0,0,0,0,0,0,0,0,0,0,1,0,0
QUANGNAM,2011,10100,33,23.8741,8.7838,38,0,0,1,0,0,0,0,0,0,0,0,0,1,0,0,0,0,0,0,0,0,0,0,0,0,1,0,0
QUANGNAM,2011,6159.39,56.1,22.3124,8.3732,38,0,0,0,1,0,0,0,0,0,0,0,0,0,1,0,0,0,0,0,0,0,0,0,0,0,1,0,0
QUANGNAM,2011,15190,47.6,25.008,5.9785,23,0,1,0,0,0,0,0,0,0,0,0,0,0,0,0,0,1,0,0,0,0,0,0,0,0,1,0,0
QUANGNAM,2011,1340.5,35,24.9542,3.0964,37,0,1,0,0,0,0,0,0,0,0,0,0,0,0,0,0,0,0,0,1,0,0,0,0,0,1,0,0
QUANGNAM,2012,1340.5,29,23.6523,247.331,79,0,0,0,1,0,1,0,0,0,0,0,0,0,0,0,0,0,0,0,0,0,0,0,0,1,0,0,1
QUANGNAM,2012,846.8,12.75302417,23.4568,209.503,31,0,0,1,0,0,0,0,0,1,0,0,0,0,0,0,0,0,0,0,0,0,0,0,0,1,0,0,1
QUANGNAM,2012,5327,66.96,23.456,175.134,58,0,1,0,0,0,0,0,0,0,1,0,0,0,0,0,0,0,0,0,0,0,0,0,0,1,0,0,1
QUANGNAM,2012,846.8,29,23.598,156.388,54,0,1,0,0,0,0,0,0,0,0,0,1,0,0,0,0,0,0,0,0,0,0,0,0,1,0,0,1
QUANGNAM,2012,3530.96,57.66,24.7492,112.986,42,0,0,1,0,0,0,0,0,0,0,0,0,0,0,1,0,0,0,0,0,0,0,0,0,1,0,0,1
QUANGNAM,2012,24900,31.8,24.627,94.479,4,0,0,1,0,0,0,0,0,0,0,0,0,0,0,0,0,1,0,0,0,0,0,0,0,1,0,0,1
QUANGNAM,2012,6689.23,52.173,23.4468,68.956,84,0,0,1,0,0,0,0,0,0,0,0,0,0,0,0,0,0,1,0,0,0,0,0,0,1,0,0,1
QUANGNAM,2012,929.2,24.18,23.8246,54.602,45,0,0,1,0,0,0,0,0,0,0,0,0,0,0,0,0,0,0,1,0,0,0,0,0,1,0,0,1
QUANGNAM,2012,2929,27.9,24.151,50.113,66,0,0,1,0,0,0,0,0,0,0,0,0,0,0,0,0,0,0,0,1,0,0,0,0,1,0,0,1
QUANGNAM,2012,15655,52.08,24.5154,45.2892,84,0,1,0,0,0,0,0,0,0,0,0,0,0,0,0,0,0,0,0,0,1,0,0,0,1,0,0,1
QUANGNAM,2012,308.555,51.15,24.7042,42.1932,66,0,0,1,0,0,0,0,0,0,0,0,0,0,0,0,0,0,0,0,0,0,0,1,0,1,0,0,1
QUANGNAM,2012,855.6,21.32,25.92,39.5078,59,0,0,0,1,0,1,0,0,0,0,0,0,0,0,0,0,0,0,0,0,0,0,0,1,0,0,1,0
QUANGNAM,2012,2871,29.4,27.57,38.0976,61,0,0,1,0,0,0,1,0,0,0,0,0,0,0,0,0,0,0,0,0,0,0,0,1,0,0,1,0
QUANGNAM,2012,15500,53.2,28.23,35.6744,64,0,0,1,0,0,0,0,1,0,0,0,0,0,0,0,0,0,0,0,0,0,0,0,1,0,0,1,0
QUANGNAM,2012,363.924,60.76,26.74,33.3622,72,0,0,1,0,0,0,0,0,1,0,0,0,0,0,0,0,0,0,0,0,0,0,0,1,0,0,1,0
QUANGNAM,2012,305.5,52.25,26.635,31.4254,48,0,0,1,0,0,0,0,0,0,1,0,0,0,0,0,0,0,0,0,0,0,0,0,1,0,0,1,0
QUANGNAM,2012,1113.27216,50.4504,26.894,25.121,72,0,0,1,0,0,0,0,0,0,0,0,0,0,0,0,0,0,0,1,0,0,0,0,1,0,0,1,0
QUANGNAM,2012,823.5,35,26.613,23.4266,61,0,0,1,0,0,0,0,0,0,0,0,0,0,0,0,0,0,0,0,0,1,0,0,1,0,0,1,0
QUANGNAM,2012,832.4,33.4866,23.1234,18.5116,40,0,0,0,1,0,1,0,0,0,0,0,0,0,0,0,0,0,0,0,0,0,0,0,0,0,1,0,0
QUANGNAM,2012,5628,79.2,22.987,16.5566,32,0,0,1,0,0,0,1,0,0,0,0,0,0,0,0,0,0,0,0,0,0,0,0,0,0,1,0,0
QUANGNAM,2012,1427.272,64.68,23.989,15.8218,44,0,0,1,0,0,0,0,1,0,0,0,0,0,0,0,0,0,0,0,0,0,0,0,0,0,1,0,0
QUANGNAM,2012,839.1,35.06,24.613,14.398,55,0,0,1,0,0,0,0,0,1,0,0,0,0,0,0,0,0,0,0,0,0,0,0,0,0,1,0,0
QUANGNAM,2012,1097.815,31.164,24.126,11.5688,39,0,1,0,0,0,0,0,0,0,1,0,0,0,0,0,0,0,0,0,0,0,0,0,0,0,1,0,0
QUANGNAM,2012,1060.665,32.34,24.312,9.8568,55,0,0,1,0,0,0,0,0,0,0,1,0,0,0,0,0,0,0,0,0,0,0,0,0,0,1,0,0
QUANGNAM,2012,3530.96,57.66,24.234,9.4574,79,0,1,0,0,0,0,0,0,0,0,0,1,0,0,0,0,0,0,0,0,0,0,0,0,0,1,0,0
QUANGNAM,2012,7300,29,24.124,8.563,44,0,0,1,0,0,0,0,0,0,0,0,0,1,0,0,0,0,0,0,0,0,0,0,0,0,1,0,0
QUANGNAM,2012,920,26,22.514,8.3676,44,0,0,0,1,0,0,0,0,0,0,0,0,0,1,0,0,0,0,0,0,0,0,0,0,0,1,0,0
QUANGNAM,2012,2900,30,24.325,7.6494,29,0,0,0,1,0,0,0,0,0,0,0,0,0,0,1,0,0,0,0,0,0,0,0,0,0,1,0,0
QUANGNAM,2012,14725,49.84,24.7984,5.9784,35,0,0,1,0,0,0,0,0,0,0,0,0,0,0,0,0,1,0,0,0,0,0,0,0,0,1,0,0
QUANGNAM,2012,1540.5,27,24.692,2.6158,74,0,1,0,0,0,0,0,0,0,0,0,0,0,0,0,0,0,0,0,1,0,0,0,0,0,1,0,0
QUANGNAM,2013,1340.5,35,23.1234,247.047,40,0,0,0,1,0,1,0,0,0,0,0,0,0,0,0,0,0,0,0,0,0,0,0,0,1,0,0,1
QUANGNAM,2013,823.5,12.62549393,23.89456,205.026,29,0,1,0,0,0,0,0,0,1,0,0,0,0,0,0,0,0,0,0,0,0,0,0,0,1,0,0,1
QUANGNAM,2013,5647,71.28,23.756,174.49,20,0,1,0,0,0,0,0,0,0,1,0,0,0,0,0,0,0,0,0,0,0,0,0,0,1,0,0,1
QUANGNAM,2013,823.5,35,23.958,156.122,33,0,1,0,0,0,0,0,0,0,0,0,1,0,0,0,0,0,0,0,0,0,0,0,0,1,0,0,1
QUANGNAM,2013,1327.095,28.42,24.8575,142.485,35,0,0,0,1,0,0,0,0,0,0,0,0,1,0,0,0,0,0,0,0,0,0,0,0,1,0,0,1
QUANGNAM,2013,1340.5,34.3,22.789,132.825,35,0,0,0,1,0,0,0,0,0,0,0,0,0,1,0,0,0,0,0,0,0,0,0,0,1,0,0,1
QUANGNAM,2013,3461.04,61.38,23.546,111.774,48,0,0,0,1,0,0,0,0,0,0,0,0,0,0,1,0,0,0,0,0,0,0,0,0,1,0,0,1
QUANGNAM,2013,10100,33,24.7466,92.023,43,0,0,1,0,0,0,0,0,0,0,0,0,0,0,0,0,1,0,0,0,0,0,0,0,1,0,0,1
QUANGNAM,2013,2871,29.7,24.352,49.9568,22,0,1,0,0,0,0,0,0,0,0,0,0,0,0,0,0,0,0,0,1,0,0,0,0,1,0,0,1
QUANGNAM,2013,15345,55.44,24.682,44.6942,65,0,1,0,0,0,0,0,0,0,0,0,0,0,0,0,0,0,0,0,0,1,0,0,0,1,0,0,1
QUANGNAM,2013,302.445,54.45,24.9606,42.1932,22,0,1,0,0,0,0,0,0,0,0,0,0,0,0,0,0,0,0,0,0,0,0,1,0,1,0,0,1
QUANGNAM,2013,910.8,25.48,27.89,39.5078,73,0,0,0,1,0,1,0,0,0,0,0,0,0,0,0,0,0,0,0,0,0,0,0,1,0,0,1,0
QUANGNAM,2013,2900,28.5,27.25,38.0976,67,0,0,1,0,0,0,1,0,0,0,0,0,0,0,0,0,0,0,0,0,0,0,0,1,0,0,1,0
QUANGNAM,2013,367.6,58.9,26.29,33.3622,76,0,0,0,0,1,0,0,0,1,0,0,0,0,0,0,0,0,0,0,0,0,0,0,1,0,0,1,0
QUANGNAM,2013,290.225,55.55,26.438,31.3068,80,0,0,1,0,0,0,0,0,0,1,0,0,0,0,0,0,0,0,0,0,0,0,0,1,0,0,1,0
QUANGNAM,2013,1340.5,35.06,26.35,29.9464,74,0,0,1,0,0,0,0,0,0,0,0,1,0,0,0,0,0,0,0,0,0,0,0,1,0,0,1,0
QUANGNAM,2013,2573,56.7,25.229,28.7518,47,0,0,0,1,0,0,0,0,0,0,0,0,0,1,0,0,0,0,0,0,0,0,0,1,0,0,1,0
QUANGNAM,2013,968.5467792,43.891848,26.42,24.6872,80,0,0,1,0,0,0,0,0,0,0,0,0,0,0,0,0,0,0,1,0,0,0,0,1,0,0,1,0
QUANGNAM,2013,845.1,27,26.993,23.4266,60,0,0,0,1,0,0,0,0,0,0,0,0,0,0,0,0,0,0,0,0,1,0,0,1,0,0,1,0
QUANGNAM,2013,832.4,36.83526,22.751,18.2914,79,0,0,0,1,0,1,0,0,0,0,0,0,0,0,0,0,0,0,0,0,0,0,0,0,0,1,0,0
QUANGNAM,2013,812.4,31.8,23.6854,14.11,22,0,1,0,0,0,0,0,0,1,0,0,0,0,0,0,0,0,0,0,0,0,0,0,0,0,1,0,0
QUANGNAM,2013,1060.665,32.34,23.6512,11.5014,41,0,0,1,0,0,0,0,0,0,1,0,0,0,0,0,0,0,0,0,0,0,0,0,0,0,1,0,0
QUANGNAM,2013,1327.095,28.42,24.0231,9.8568,65,0,1,0,0,0,0,0,0,0,0,1,0,0,0,0,0,0,0,0,0,0,0,0,0,0,1,0,0
QUANGNAM,2013,3461.04,61.38,23.571,9.278,40,0,1,0,0,0,0,0,0,0,0,0,1,0,0,0,0,0,0,0,0,0,0,0,0,0,1,0,0
QUANGNAM,2013,6623,56.1,24.54,8.563,44,0,0,0,1,0,0,0,0,0,0,0,0,1,0,0,0,0,0,0,0,0,0,0,0,0,1,0,0
QUANGNAM,2013,855.6,25.48,22.617,8.3676,44,0,0,0,1,0,0,0,0,0,0,0,0,0,1,0,0,0,0,0,0,0,0,0,0,0,1,0,0
QUANGNAM,2013,2697,29.4,23.541,7.5498,33,0,0,0,1,0,0,0,0,0,0,0,0,0,0,1,0,0,0,0,0,0,0,0,0,0,1,0,0
QUANGNAM,2013,2697,30,23.987,7.3514,58,0,0,0,1,0,0,0,0,0,0,0,0,0,0,0,1,0,0,0,0,0,0,0,0,0,1,0,0
QUANGNAM,2013,15655,52.08,25.11,5.9784,40,0,1,0,0,0,0,0,0,0,0,0,0,0,0,0,0,1,0,0,0,0,0,0,0,0,1,0,0
QUANGNAM,2013,363.924,61.38,23.7566,4.7436,45,0,1,0,0,0,0,0,0,0,0,0,0,0,0,0,0,0,1,0,0,0,0,0,0,0,1,0,0
QUANGNAM,2013,284.115,55,24.437,4.2564,58,0,1,0,0,0,0,0,0,0,0,0,0,0,0,0,0,0,0,1,0,0,0,0,0,0,1,0,0
QUANGNAM,2013,3520,59.1,24.325,2.6158,65,0,0,1,0,0,0,0,0,0,0,0,0,0,0,0,0,0,0,0,1,0,0,0,0,0,1,0,0
QUANGNAM,2014,1540.5,27,22.751,246.913,79,0,0,0,1,0,1,0,0,0,0,0,0,0,0,0,0,0,0,0,0,0,0,0,0,1,0,0,1
QUANGNAM,2014,845.1,12.62549393,24.435,204.44,33,0,1,0,0,0,0,0,0,1,0,0,0,0,0,0,0,0,0,0,0,0,0,0,0,1,0,0,1
QUANGNAM,2014,5462,72,24.946,174.345,53,0,0,1,0,0,0,0,0,0,1,0,0,0,0,0,0,0,0,0,0,0,0,0,0,1,0,0,1
QUANGNAM,2014,845.1,27,23.456,154.839,52,0,1,0,0,0,0,0,0,0,0,0,1,0,0,0,0,0,0,0,0,0,0,0,0,1,0,0,1
QUANGNAM,2014,1340.5,34.3,24.5462,140.829,51,0,0,1,0,0,0,0,0,0,0,0,0,1,0,0,0,0,0,0,0,0,0,0,0,1,0,0,1
QUANGNAM,2014,7300,29,25.008,88.178,23,0,1,0,0,0,0,0,0,0,0,0,0,0,0,0,0,1,0,0,0,0,0,0,0,1,0,0,1
QUANGNAM,2014,2697,30,24.9542,49.9568,37,0,1,0,0,0,0,0,0,0,0,0,0,0,0,0,0,0,0,0,1,0,0,0,0,1,0,0,1
QUANGNAM,2014,14415,56,25.652,44.6942,45,0,1,0,0,0,0,0,0,0,0,0,0,0,0,0,0,0,0,0,0,1,0,0,0,1,0,0,1
QUANGNAM,2014,341.868,62,23.8562,43.0968,65,0,0,1,0,0,0,0,0,0,0,0,0,0,0,0,0,0,0,0,0,0,1,0,0,1,0,0,1
QUANGNAM,2014,920,24.7,25.25,39.3296,66,0,1,0,0,0,1,0,0,0,0,0,0,0,0,0,0,0,0,0,0,0,0,0,1,0,0,1,0
QUANGNAM,2014,349.22,62.62,26.64,33.2642,73,0,0,1,0,0,0,0,0,1,0,0,0,0,0,0,0,0,0,0,0,0,0,0,1,0,0,1,0
QUANGNAM,2014,271.895,54.45,27.189,31.3068,55,0,0,1,0,0,0,0,0,0,1,0,0,0,0,0,0,0,0,0,0,0,0,0,1,0,0,1,0
QUANGNAM,2014,4300,70.3,26.62,28.6832,80,0,0,0,1,0,0,0,0,0,0,0,0,0,1,0,0,0,0,0,0,0,0,0,1,0,0,1,0
QUANGNAM,2014,5382,62.64,27,26.7146,77,0,0,1,0,0,0,0,0,0,0,0,0,0,0,0,0,0,1,0,0,0,0,0,1,0,0,1,0
QUANGNAM,2014,968.5467792,43.891848,27.191,24.6872,59,0,0,1,0,0,0,0,0,0,0,0,0,0,0,0,0,0,0,1,0,0,0,0,1,0,0,1,0
QUANGNAM,2014,1509.69,20.58,27.654,23.4222,49,0,0,1,0,0,0,0,0,0,0,0,0,0,0,0,0,0,0,0,0,1,0,0,1,0,0,1,0
QUANGNAM,2014,862.3,28.7315028,23.1122,18.2914,54,0,0,0,1,0,1,0,0,0,0,0,0,0,0,0,0,0,0,0,0,0,0,0,0,0,1,0,0
QUANGNAM,2014,5382,62.64,24.212,16.34,48,0,0,1,0,0,0,1,0,0,0,0,0,0,0,0,0,0,0,0,0,0,0,0,0,0,1,0,0
QUANGNAM,2014,968.5467792,43.891848,24.123,15.28,39,0,0,1,0,0,0,0,1,0,0,0,0,0,0,0,0,0,0,0,0,0,0,0,0,0,1,0,0
QUANGNAM,2014,821.2,33,23.421,14.11,58,0,0,1,0,0,0,0,0,1,0,0,0,0,0,0,0,0,0,0,0,0,0,0,0,0,1,0,0
QUANGNAM,2014,1327.095,28.42,23.453,11.5014,49,0,0,1,0,0,0,0,0,0,1,0,0,0,0,0,0,0,0,0,0,0,0,0,0,0,1,0,0
QUANGNAM,2014,1340.5,34.3,24.021,9.8316,40,0,1,0,0,0,0,0,0,0,0,1,0,0,0,0,0,0,0,0,0,0,0,0,0,0,1,0,0
QUANGNAM,2014,892.4,28.6,22.459,8.1814,32,0,0,0,1,0,0,0,0,0,0,0,0,0,1,0,0,0,0,0,0,0,0,0,0,0,1,0,0
QUANGNAM,2014,2813,33,24.8741,7.5498,55,0,0,1,0,0,0,0,0,0,0,0,0,0,0,1,0,0,0,0,0,0,0,0,0,0,1,0,0
QUANGNAM,2014,15500,56,24.0123,7.3514,20,0,0,0,1,0,0,0,0,0,0,0,0,0,0,0,1,0,0,0,0,0,0,0,0,0,1,0,0
QUANGNAM,2014,15345,55.44,24.654,5.8858,35,0,1,0,0,0,0,0,0,0,0,0,0,0,0,0,0,1,0,0,0,0,0,0,0,0,1,0,0
QUANGNAM,2014,341.868,62,23.74,4.7436,84,0,1,0,0,0,0,0,0,0,0,0,0,0,0,0,0,0,1,0,0,0,0,0,0,0,1,0,0
QUANGNAM,2014,1540.5,21,23.647,4.0668,43,0,1,0,0,0,0,0,0,0,0,0,0,0,0,0,0,0,0,1,0,0,0,0,0,0,1,0,0
QUANGNAM,2014,3253,59.2,24.0124,2.2,45,0,1,0,0,0,0,0,0,0,0,0,0,0,0,0,0,0,0,0,1,0,0,0,0,0,1,0,0
